(0, content\t    混沌初开，宇宙出现了六颗象征尊贵身份的宝石，一旦集齐就有毁天灭地的能力。它们分别是QQ空间黄...
Name: 0, dtype: object),22.2599212125872
(1, content\t    为什么不砍手？？？？？？？\t
Name: 1, dtype: object),6.133465671638
(2, content\t    大家好，我是灭霸，我的手套被扣在海关了，急需要200元交罚款，如果你5月11愿意发红包给我，...
Name: 2, dtype: object),7.333205372123471
(3, content\t    灭霸是一个有情怀的无产主义者，不惜牺牲此生最爱来整治这个混乱而拥挤不堪的宇宙，整治完了也不是...
Name: 3, dtype: object),8.36927739897
(4, content\t    景甜出场的那一瞬间真的太震撼了，打趴下灭霸的时候全场都起立鼓掌了，美队把自己的盾牌给了景甜希...
Name: 4, dtype: object),7.884917320517256
(5, content\t    一顿操作猛如虎 一个指响秒变土\t
Name: 5, dtype: object),9.690799797606001
(6, content\t    Fxxking Amazing！你以为在看妇联3，发现原来在看银护3！你以为在看银护3，发现...
Name: 6, dtype: object),8.992192585767201
(7, content\t    韩国今天看完，无剧透：1：彩蛋只有字幕全部结束后的1个。2：非常震撼，刺激，过瘾，喝可乐的世...
Name: 7, dtype: object),15.655265649882633
(8, content\t    两个福尔摩斯跑来纽约玩Cosplay不务正业，案子不用查了吗？\t
Name: 8, dtype: object),7.554808729655129
(9, content\t    下一部：《复仇者联盟：逆转未来》\t
Name: 9, dtype: object),16.9393261996413
(10, content\t    《灭霸：后来我什么都有了，但是没有了我们》\t
Name: 10, dtype: object),12.2180794268579
(11, content\t    洛基卡魔拉星爵奇异博士绯红女巫其实都有机会阻止灭霸成为QQ钻皇，可生死抉择之时他们还是“自私...
Name: 11, dtype: object),13.321907472741826
(12, content\t    日啊这哪是妇联3，分明就是灭霸传啊！二十多个超级英雄三条故事线，全部在给灭霸打牙祭。虫铁最可...
Name: 12, dtype: object),8.874642349697066
(13, content\t    我中途幻想的这片的结尾，是灭霸成功打响指，宇宙的一半开始毁灭，第一个消失的，就是灭霸自己\t
Name: 13, dtype: object),10.3830278689907
(14, content\t    居然没有让Samuel Jackson说完Motherfucker就让他领饭盒了！！\t
Name: 14, dtype: object),6.608288438191099
(15, content\t    大荧幕上曾经有这样一个传统，叫做“主角光环”。今日今时，感谢这一传统的消忘，以及反派的去脸谱...
Name: 15, dtype: object),11.184200030651212
(16, content\t    请大家想一想，古今中外，不论是《但丁密码》还是《血色星期一》获得了知识与力量的大反派们为什么...
Name: 16, dtype: object),18.433586126068
(17, content\t    每一條故事線都出現「一命換一石」之兩難，人人為了所愛要半個宇宙陪葬。生命有貴賤，天佑愛人，消...
Name: 17, dtype: object),10.518284106190999
(18, content\t    结局简直丧出天际！灭霸竟然有内心戏！全程下来美队和钢铁侠也没见上一面，我还以为在世界末日前必...
Name: 18, dtype: object),3.0008204787744
(19, content\t    所以说办公室恋情会坏事…本来都翻盘了的…\t
Name: 19, dtype: object),5.0975708577947
(20, content\t    这种无限膨胀且不着边际的意淫题材，终将只能满足观众们少儿般天真烂漫的幻想，同样也止步于此。\t
Name: 20, dtype: object),16.309652897447698
(21, content\t    最大的笑话大概是灭霸的眼泪？\t
Name: 21, dtype: object),6.8920316992187
(22, content\t    众英雄靠什么打败灭霸？集体尬舞\t
Name: 22, dtype: object),8.27022708438
(23, content\t    美队护钻忙，灭霸单手我来扛\t
Name: 23, dtype: object),9.2049058998983
(24, content\t    铁人护钻忙，怒拿一血负重伤\t
Name: 24, dtype: object),5.3258351243963
(25, content\t    雷神护钻忙，视死如归正面刚\t
Name: 25, dtype: object),8.2169452759803
(26, content\t    博士护钻忙，机会渺茫也无妨\t
Name: 26, dtype: object),10.8934111721913
(27, content\t    星爵护钻忙，银护从此无鸳鸯\t
Name: 27, dtype: object),10.1710463467883
(28, content\t    黑豹护钻忙，瓦坎达里战一场\t
Name: 28, dtype: object),13.3380581880783
(29, content\t    寡姐护钻忙，纵使强敌也不慌\t
Name: 29, dtype: object),9.4009360204953
(30, content\t    蜘蛛护钻忙，一往无前好儿郎\t
Name: 30, dtype: object),8.385930267268066
(31, content\t    阿灭抢钻忙，灰飞烟灭笑称王\t
Name: 31, dtype: object),11.1863302112153
(32, content\t    粉丝抢救忙，一呼一吸透心凉\t
Name: 32, dtype: object),9.602293309122299
(33, content\t    ？？？？？？不是漫威脑残粉就别来吃屎了。这个电影逻辑节奏一泡污，除了灭霸以外几乎没有角色成长...
Name: 33, dtype: object),7.8388407783766
(34, content\t    复联三内地5.11上映，北美4.27。如果美队死了，我连头七都赶不上。\t
Name: 34, dtype: object),13.89419538389455
(35, content\t    一直以为自己是漫威的路人，但看完《复联3》才知道漫威最强大的地方就是把每个人物都润物无声写进...
Name: 35, dtype: object),8.807395889167001
(36, content\t    灭霸是一个高尚的人，是一个脱离了私人恩怨、脱离了近身肉搏、脱离了低级趣味的人... 等一等他...
Name: 36, dtype: object),10.1341748881804
(37, content\t    看完之后很生气\t
Name: 37, dtype: object),3.286193207555104
(38, content\t    我懂灭霸\t
Name: 38, dtype: object),9.356919603592
(39, content\t    坐等下集灭霸qq会员各种钻到期\t
Name: 39, dtype: object),9.711200489172999
(40, content\t    建议复联4明天上映。\t
Name: 40, dtype: object),10.1902412593365
(41, content\t    一向不喜复联系列，像肥皂剧拍到季终。有罗素兄弟加持，至少不是混乱爆米花。不过这集只是赋予一层...
Name: 41, dtype: object),10.36153555476584
(42, content\t    头号玩家：灭霸。本质上，就是找彩蛋大电影。战斗力波动得太厉害了，以前觉得超级英雄个个死不了，...
Name: 42, dtype: object),7.736492685305228
(43, content\t    太难了。。。\t
Name: 43, dtype: object),9.8459458600997
(44, content\t    漫威是不是要开启一种新的评分模式叫：这部好不好取决于你下一部怎么拍？\t
Name: 44, dtype: object),14.052027954910999
(45, content\t    《复仇者联盟：七堇年狂操韩庚组合》、《钢铁侠2：安妮宝贝痛扁蜘蛛侠》、《正义联盟3：金刚葫芦...
Name: 45, dtype: object),26.514708971229553
(46, content\t    灭霸，看透万物规律，忍辱负重，有情有义，一个男人扛起了整个宇宙的命运，迎着夕阳完成了自己的使...
Name: 46, dtype: object),15.82032920873
(47, content\t    啊这个结尾的方式真的万万没想到，太不类型了，一点都不类型。现实、直接、举重若轻，居然还带点诗...
Name: 47, dtype: object),1.2922601325557925
(48, content\t    復仇者覺得地球碰上霉運，我倒覺得是薩諾斯矇中了好運──試想，如果洛基不偷方塊，方塊留在阿斯加...
Name: 48, dtype: object),8.7481504601447
(49, content\t    建议小蜘蛛和钢铁侠出一部泡沫情景喜剧《老学究与小学生》，或者奇异博士和钢铁侠出一档综艺《嘴炮...
Name: 49, dtype: object),18.449472125041503
(50, content\t    意外发现冬兵和火箭放在一起也挺萌的。\t
Name: 50, dtype: object),13.062240943798399
(51, content\t    我就是好奇托尼怎么回地球……留在火星种土豆？？？\t
Name: 51, dtype: object),7.6002036603196
(52, content\t    剧情进展太快，眼泪还没流出来就被笑出来了，笑容还没收住就被眼眶的泪水抹煞了。不过这颗情怀吃得...
Name: 52, dtype: object),2.696574145611818
(53, content\t    把我基神写成智障，辣鸡mcu\t
Name: 53, dtype: object),8.2078549824903
(54, content\t    过于悲壮的一部，但依旧膜拜在漫威的10年聚力…我们还有多少可以失去？\t
Name: 54, dtype: object),3.24326463337072
(55, content\t    别团！等人齐！\t
Name: 55, dtype: object),10.0565102013189
(56, content\t    下一部《复仇者联盟: 我们的阴阳两界》。此去泉台招旧部，旌旗十万斩阎罗。\t
Name: 56, dtype: object),20.122432668090827
(57, content\t    人物過多到每個都只是出來露個臉表示我在。戲份較多的是反派Thanos，但也不覺塑造有到豐滿，...
Name: 57, dtype: object),3.9073373559661477
(58, content\t    不剧透，哭晕在影院。一个时代的终结，我们80末后这一代人的星战就是妇联。见证青春的十年。As...
Name: 58, dtype: object),22.405234133725397
(59, content\t    极讨厌漫威的搞笑桥段，不断打断剧情气氛。角色太多，全片没有一个可称为人物，150分钟一直在说...
Name: 59, dtype: object),2.1650817238108226
(60, content\t    “妇联3和4是独立的故事不是上下集” 呵呵呵。这部不仅不是一个完整的独立成章的复仇者电影，甚...
Name: 60, dtype: object),14.637420489534403
(61, content\t    关键点都好傻，我知道你要拍续集，我知道未来可以被重写， 但那一拳真的有点傻。\t
Name: 61, dtype: object),1.4527408742776848
(62, content\t    好了可以了。再也不看Marvel了。我努力过了。实在是。。啥呀这是。???\t
Name: 62, dtype: object),1.6155781100256534
(63, content\t    漫威电影有史以来最不照顾路人的一部电影了，混乱时间线，草率的结局，过于强大的反派，几处剧情衔...
Name: 63, dtype: object),4.291641730113967
(64, content\t    莫名有种大过节的你就给我看这个！？的心情，五一没上是对的，太日狗了\t
Name: 64, dtype: object),4.919312566039898
(65, content\t    有种在家吃完火锅之后的空虚感\t
Name: 65, dtype: object),7.413170098851699
(66, content\t    三星半。灭霸在不断变强的过程中，仿佛产生了神性，所以后面的战斗他不断放水，也不主攻，有时候甚...
Name: 66, dtype: object),7.2729285934628
(67, content\t    来香港五年半，第二次在地铁上哭……\t
Name: 67, dtype: object),5.9528948149713
(68, content\t    灭霸明显入错行了啊，这手段、这心态，适合去搞计划生育！\t
Name: 68, dtype: object),7.1767014935083004
(69, content\t    前面睡了三分之一总算接着看完，灭霸：我最放心不下的还是困难群众，不如早死早超生吧。随机牺牲一...
Name: 69, dtype: object),1.8928081852777003
(70, content\t    不爱任何一个超级英雄，但是也知道他们中每一个的魅力都来自不可复制的身世和独特人格，现在被批发...
Name: 70, dtype: object),19.8962288405512
(71, content\t    看片之前男朋友说怕被我剧透要分手等到上映之后再和好…==无可救药的混乱和自大，分开看所有人物...
Name: 71, dtype: object),3.021239280041763
(72, content\t    结尾灭霸一个人坐在那里看日落好像小王子哦…………（眼神呆滞地说）\t
Name: 72, dtype: object),11.615954555963
(73, content\t    群像剧角色越多，就越需要一两个人成为叙事中心。导演选了灭霸，没问题，但空有论点没有论证：他做...
Name: 73, dtype: object),6.274951850110156
(74, content\t    洛基上来就死太难过了，钢铁侠差点死的时候我简直要哭了！凌晨的首映满场！真心给力的很，每秒都觉...
Name: 74, dtype: object),0.3030533366694203
(75, content\t    其实漫威电影就是将工业化的美剧模式电影化，这种电影的价值和一集美剧差不多。这年头，虽然喜欢作...
Name: 75, dtype: object),16.821837116632402
(76, content\t    宇宙级计划生育补完计划，无产阶级革命家、宇宙计生办委员会灭主任跨越整个宇宙搜集龙珠召唤“响指...
Name: 76, dtype: object),13.0019607281323
(77, content\t    洛基 卡魔拉 冬兵 黑豹 红女巫 幻视 格鲁特 飞鹰 Drax 星爵 蜘蛛侠 奇异博士 OU...
Name: 77, dtype: object),15.404834911069003
(78, content\t    瓦坎达大战真的是燃爆，索尔天神下凡的时候真的是看哭了，但是这个结局也太惨了点？满宝石手套灭霸...
Name: 78, dtype: object),1.804114210383231
(79, content\t    讲道理，没那么好看。这一代主打的感情和英雄迟暮，有点硬。结局很惊，随后很蒙，明明知道变土的都...
Name: 79, dtype: object),2.1303915586607847
(80, content\t    不要喜欢上任何东西任何人，反正你喜欢的一切都会灰飞烟灭就对了！灭霸是他妈宇宙计生办的吗我日，...
Name: 80, dtype: object),10.216122395979896
(81, content\t    目前最好的《复联》！有故事、有情感、有强大反派（终于有了），动作戏场场精彩，几乎没有冷场，除...
Name: 81, dtype: object),25.713868971957893
(82, content\t    灭霸好厉害啊，迷上灭霸了，这部电影干脆叫灭霸1好了。\t
Name: 82, dtype: object),3.5013285082350665
(83, content\t    原来灭霸是一个应用生态学家，本集目标是降低人类种群数量，维持宇宙的生态平衡。就像美国鲤鱼泛滥...
Name: 83, dtype: object),15.239364699654402
(84, content\t    灭霸粉的盛宴，灭霸无敌，灭霸杰克苏。\t
Name: 84, dtype: object),13.708829541272701
(85, content\t    什么傻逼电影能不能稍微尊重一下角色。所有人强行降智降战斗力故意打不过的吧？现在看时代杂志的评...
Name: 85, dtype: object),1.753548890980245
(86, content\t    就和拍了十几年的剧集变肥皂剧后，series finale里各种角色都出来打个卡一样。继上一...
Name: 86, dtype: object),11.620398443019202
(87, content\t    為事業，他帶著手下一同走過幾千光年的路。為達成理想，不惜忍痛犧牲家庭，鐵漢柔情，留下的男兒淚...
Name: 87, dtype: object),14.7271597323497
(88, content\t    啥？啥？啥嘛！气到跺脚脚！星爵亲爸是种马精，岳父是计生委，也难怪他脑子不正常了。\t
Name: 88, dtype: object),0.988255992896901
(89, content\t    雷神真男人！！！\t
Name: 89, dtype: object),11.7917596616329
(90, content\t    【B-】对于大部分电影来说，它们需要细节填满情感与人物，但迪士尼“聪明”的选择了另一条路，《...
Name: 90, dtype: object),25.9038354991689
(91, content\t    黑寡妇和绿巨人一个对视你就懂了，星爵和雷神一个对话你就笑了，美国队长和冬日战士一个拥抱你就哭...
Name: 91, dtype: object),17.313597901495303
(92, content\t    集合了漫威电影的所有优点：最悲壮的诸神黄昏，最热血的瓦坎达，最man的美队，最绝望的史塔克，...
Name: 92, dtype: object),15.734321489623701
(93, content\t    B / 他们从曾经的童话光环里走出，最终不得不面对凡人无常而绝望的生死疲劳，所有抗争背后都是...
Name: 93, dtype: object),10.451316642396298
(94, content\t    男人不要再说女人看重钻石了，你看灭霸为了集齐六颗钻石，把宇宙都要搞翻天了；女人也不要说男人不...
Name: 94, dtype: object),12.241910301966302
(95, content\t    又名：灭霸不为众人理解使命的阐述与理想的实现。\t
Name: 95, dtype: object),18.0474015175374
(96, content\t    美队没死\t
Name: 96, dtype: object),9.187381431203
(97, content\t    我看过了  美国队长死了！！！！！！！！！！！！！\t
Name: 97, dtype: object),10.6351728836989
(98, content\t    凌晨两点半从首映的影院散场出来，空旷的街道仿佛确如半数以上人类消失的世界。路口的指示灯零星地...
Name: 98, dtype: object),8.4883047617959
(99, content\t    星爵是全片最傻逼的……还有为啥不砍手……？？？？？？？\t
Name: 99, dtype: object),7.2168992881387
(100, content\t    爆米花电影 叫灭霸的宇宙计生委员会大妈指标达成后坐看夕阳西下一脸欣慰\t
Name: 100, dtype: object),15.248197093732701
(101, content\t    1.严肃的时候太把自己当回事，插科打诨的时候太不把自己当回事。2.除了奇异博士几乎每场打斗都...
Name: 101, dtype: object),6.463251987677054
(102, content\t    前期没关注，只看到一百篇“没给演员真剧本”通稿。然而根本不需要什么剧本，而且剧本太烂了。\t
Name: 102, dtype: object),13.88602929972766
(103, content\t    作为几亿级的大片，视觉想象力之匮乏也是没谁了，偏偏还是部靠场景划分的情景喜剧。美术指导、动作...
Name: 103, dtype: object),14.221525992198702
(104, content\t    非常燃，非常爆米花，对得起“漫威宇宙”这个title。以及，灭霸的想法其实是社会达尔文主义的...
Name: 104, dtype: object),13.447212399962899
(105, content\t    古道西风灭霸，夕阳西下，断肠人在瓦坎达。\t
Name: 105, dtype: object),13.873333264735999
(106, content\t    复仇者联盟版“霍格沃茨大战”，灭霸收集无限宝石犹如伏地魔收集魂器。全片悲壮惨烈虐心至极，只能...
Name: 106, dtype: object),11.692088312280003
(107, content\t    你就说有多少人头是白送的……\t
Name: 107, dtype: object),6.591217419380699
(108, content\t    听我一句劝，非漫威粉丝真的别来看了。这片是我看过最不照顾路人的超级英雄电影，何必浪费两个半小...
Name: 108, dtype: object),10.667986837910101
(109, content\t    无限战争告诉你，再宏大炫酷的战争，不如撅手指头来得实在。\t
Name: 109, dtype: object),6.099035733783009
(110, content\t    在世界最大IMAX看首映，彩蛋结束所有人都静静地离开连交谈都没有，全部吓傻了\t
Name: 110, dtype: object),10.224238123647229
(111, content\t    什么鬼结局？电影院的人都不想走，就因为不服气英雄们都灰飞烟灭了。还有，凭什么把钢铁侠搞得那么...
Name: 111, dtype: object),2.30975497067008
(112, content\t    第一次电影演完95%的人没走等着彩蛋。\t
Name: 112, dtype: object),9.4047475146239
(113, content\t    星际岳云鹏痛殴极端环保主义者终致全宇宙被迫参加俄罗斯轮盘赌 打戏精彩纷呈然而故事老套 部分角...
Name: 113, dtype: object),18.77287480223306
(114, content\t    跟魔戒比，这是相当高魔了！灭霸，前计生委形象大使！小恶魔翻身记！彩蛋是灭一半人类只为Capt...
Name: 114, dtype: object),3.4726304168425357
(115, content\t    其实视角转换到反派那里，这就是一个修真爽文。漫威的肤浅在于，缤纷的世界观之下人性反而浅显；但...
Name: 115, dtype: object),14.5832657467674
(116, content\t    演职员表出现的一瞬间，我相信漫威收到的怒火和刀片足够发展冶钢副业。\t
Name: 116, dtype: object),12.8307157882483
(117, content\t    眼里只有猩红女巫。\t
Name: 117, dtype: object),9.5213709923717
(118, content\t    从电影院出来，看路上的每一个人，觉得他们下一秒就会变成流沙，就是这种怅然若失的挫败感。\t
Name: 118, dtype: object),2.006879384468999
(119, content\t    bug多，套路老。我还想问一句。为什么奇异博士不谈判了？为什么卡魔拉一摔就死了？为什么不砍灭...
Name: 119, dtype: object),1.2718286958909455
(120, content\t    美队戏份太少，锤哥帅到惊人！\t
Name: 120, dtype: object),5.850310883258784
(121, content\t    告别，是唯一的办法。刚刚还喊着卧槽，影片结束，字幕一出，影院突然很安静，只听到一个女生轻轻的...
Name: 121, dtype: object),2.3731714931847705
(122, content\t    为了能静静地看日出，不堪其扰的泰坦人灭霸只好先花点时间把游客都赶走。\t
Name: 122, dtype: object),9.4519891816176
(123, content\t    1. 路不平大家铲，理不平复联管。2.爱你爱到杀死你。 3.期末小组作业遇到坑爹队友。4.热...
Name: 123, dtype: object),3.0530052946086004
(124, content\t    视听场面上无甚创新，甚至趋于平庸，故事走向也没有打破观众的心理预期与情感预设，但是，罗素兄弟...
Name: 124, dtype: object),15.584931379374561
(125, content\t    严重超出了我对这一部的期待，某个情感高潮竟然来自反派，某个主角映后大概率会被各种开会，看完难...
Name: 125, dtype: object),4.9819631532318995
(126, content\t    灭霸是个老实人。也最终实现了自己的梦想。\t
Name: 126, dtype: object),12.5411049408064
(127, content\t    《復仇者聯盟3：無限之戰》最大的劣勢，是它始終是一部故事電影，電影需要有重心，儘管時間分配已...
Name: 127, dtype: object),13.535641910823914
(128, content\t    “宇宙有限，资源有限，人口爆炸会导致资源枯竭生态恶化。我要控制人口，打下来，流下来，就是不能...
Name: 128, dtype: object),9.4301390305137
(129, content\t    灭霸就像一个《三体》书迷?计生办主任的复合体。\t
Name: 129, dtype: object),12.7357627564634
(130, content\t    星爵你是猪吗，气死我了\t
Name: 130, dtype: object),8.3773350712779
(131, content\t    原本以为自己不会再为漫威的大坑血脉喷张，可在这部作品面前还是认输了。导演太会调动观众情绪了，...
Name: 131, dtype: object),3.575131621196369
(132, content\t    我明天就飞美国和星爵办理离婚手续\t
Name: 132, dtype: object),9.588059527168799
(133, content\t    《复仇者联盟3：我爱的男人都死了》\t
Name: 133, dtype: object),17.2475811179247
(134, content\t    昏昏欲睡的前半场，后半场则仿佛嗅到了钦定的感觉，下一部大概率叫《复活者联盟》。\t
Name: 134, dtype: object),12.5470009141081
(135, content\t    大部分时间依旧是冗长无味的粗暴打斗，光环加身的超英们即使被虐千百遍，依然能续写神话，不过以虚...
Name: 135, dtype: object),8.2871026436936
(136, content\t    为了衬托灭霸，各位英雄的智商和实力都出现断崖式下降↓\t
Name: 136, dtype: object),15.306669866544999
(137, content\t    刚从电影院回来，叹为观止。节奏很快，场面恢宏，场景包括了宇宙中的很多国家。这部电影在我心目中...
Name: 137, dtype: object),14.629892974418702
(138, content\t    75分。没有肆意狂轰滥炸，印象最深的台词是“你不会知道我今天经历了什么。可是我们没有时间悲伤...
Name: 138, dtype: object),8.475596961016
(139, content\t    是一种，你看着人家十年来一步一步执行一个项目，几乎没出过大差错的服气。大工业。\t
Name: 139, dtype: object),14.8016182965717
(140, content\t    绝大部分人物能让人留下印象的，只有最后一刻的死亡\t
Name: 140, dtype: object),8.95302918096238
(141, content\t    为啥要费那老鼻子劲脱手套？砍了他不行吗？急死人了。\t
Name: 141, dtype: object),5.693742532337799
(142, content\t    眼泪都收回去了，最后一直在默念fuck fuck fuck。等复联4结束后再给分吧。这套路，...
Name: 142, dtype: object),2.049105135090481
(143, content\t    宏大的布局，充实的叙事——几乎想象不到，有一天电影可以在140分钟里写出二十个以上主要人物参...
Name: 143, dtype: object),16.9763469742808
(144, content\t    电影拍成这样就不是电影了，是嘉年华，是联欢晚会，是花车游行，是马戏团，总之除了剧情外一切都那...
Name: 144, dtype: object),5.685272086462552
(145, content\t    也不能说不好看，又一部合格的爆米花片。但这种大拼盘真的很难在人性刻画出彩，使得正义的朋友们形...
Name: 145, dtype: object),16.7810175155697
(146, content\t    纵使不舍，总归要说再见，十年的陪伴匆匆而过，有人走有人留。当尘归尘土归土，一个宇宙的湮灭何尝...
Name: 146, dtype: object),6.005851444171106
(147, content\t    2015.5.12留爪，17年再会哈\t
Name: 147, dtype: object),12.982663893349702
(148, content\t    看的都是情怀，一眨眼，三年过去了。（艺都大剧院）\t
Name: 148, dtype: object),13.4007859563227
(149, content\t    当转折失当、容量过度成为英雄人物庞杂集结后不可避免的缺点，复联3却连基本的责任都没做到。剧作...
Name: 149, dtype: object),8.60009237289185
(150, content\t    感觉就像喝了十年的稀粥偶尔掺碗饭的饭店终于来了碗中规中矩的白米饭，然后被一堆人夸好像吃了八宝...
Name: 150, dtype: object),10.689703640492
(151, content\t    灭霸真是的，多打一个响指，就好了\t
Name: 151, dtype: object),2.0664586409022827
(152, content\t    虽然是爆米花圈钱大片，可结尾那么长的字幕，可见汇聚了多少细分行业多少人才，技术达到极致就是艺...
Name: 152, dtype: object),6.4990752879171145
(153, content\t    一个紫心番薯??集齐六色珠的WTF故事...应该搞个金木水火土五色更接地气啊\t
Name: 153, dtype: object),3.416659338502204
(154, content\t    米老鼠收购20世纪狐狸后，致敬《异形》也就顺理成章了。南无阿弥陀佛，大慈大悲观世音灭霸，虽滥...
Name: 154, dtype: object),19.203309462462396
(155, content\t    内心毫无波澜。反正会复活，不然漫威宇宙怎么继续圈钱。笑点是有点，但是真的不好看。局面越打越大...
Name: 155, dtype: object),2.5775901628996833
(156, content\t    漫威的电影早已舍弃了剧情，看的就是特效和打斗，罗素兄弟将自己写实的动作戏和场面调度发挥到了极...
Name: 156, dtype: object),16.163614282557702
(157, content\t    便当看得我心巨累，便当不要钱吗导演，能不能不要到彩蛋还在发继续啊啊啊啊啊啊\t
Name: 157, dtype: object),0.9267044978980001
(158, content\t    拍的真垃圾。结尾什么鬼 没看懂什么意思. Worst marvel movie ever. ...
Name: 158, dtype: object),11.371044739789799
(159, content\t    看完后波澜不惊。没多失望也没多满意。快感时不时有点，更多时候只有旁观之感。没指望它能把角色都...
Name: 159, dtype: object),1.4266733956361806
(160, content\t    非常感动，人类电影工业的最高水平，看完想去投身电影行业的冲动。\t
Name: 160, dtype: object),9.7385759406567
(161, content\t    剧情出乎意料的不错，当然特效也是一如既往的给力，四星。\t
Name: 161, dtype: object),16.8112276413807
(162, content\t    刚从电影院出来，不一样的英雄，有感情的灭霸，大结局一些人消失的时候，忍不住哭了??。下一部，...
Name: 162, dtype: object),2.357719004526736
(163, content\t    Emotional terrorism. 结尾大战男女分开，编剧体育老师. Thanos也信...
Name: 163, dtype: object),8.662129945796531
(164, content\t    看完毫不犹豫的5星，太赞了，特效炫酷，致我心中永远的英雄！\t
Name: 164, dtype: object),15.8301553106579
(165, content\t    特效很酷炫，剧情反套路，抛了很多梗。\t
Name: 165, dtype: object),12.537615527197202
(166, content\t    垃圾漫威 毁我青春\t
Name: 166, dtype: object),7.342344498734999
(167, content\t    艹他大爷的漫威！滚犊子吧。我没看，但我就是想打一星。现在想想，难怪CE连洛杉矶首映都没去呢，...
Name: 167, dtype: object),-2.9471801131807
(168, content\t    这个故事告诉我们，掌握世界甚至宇宙的，永远都是那种迎曙光晨勃、看夕阳落泪、爱收干闺女、说到做...
Name: 168, dtype: object),15.3578952304754
(169, content\t    很久没见过外星怪兽无脑冲锋了，很怀念。其实打灭霸鹰眼和死侍就够了，一个不死之身一个自动回避所...
Name: 169, dtype: object),8.346465640713873
(170, content\t    结束出影院戴上耳机听歌，手机突然放到安安的《Hero》...“I'll be your he...
Name: 170, dtype: object),23.501077685696
(171, content\t    我死硬地说，复联3仍然没有超过黑暗骑士。但。。。也没差多少了。。。刀片概念股将大涨，届时漫威...
Name: 171, dtype: object),13.186806553671
(172, content\t    浩克真是个实在汉子啊！\t
Name: 172, dtype: object),3.724139628367696
(173, content\t    特效打鬥都非常刺激好看啊！一如既往的有水準 很精彩 期待下一集\t
Name: 173, dtype: object),9.768357550324001
(174, content\t    大boss是个无惧背负骂名的实干派\t
Name: 174, dtype: object),10.338722999532
(175, content\t    有点小小的难过，从头压制到尾。结局是邪恶战胜了正义，但是看到灭霸在独自一人看落日的时候，突然...
Name: 175, dtype: object),2.2837722051139515
(176, content\t    爽炸，仅次于《美队3》的漫威电影，编剧逆天，导演开挂，从头到尾都是高潮，尖叫连连，《权力的游...
Name: 176, dtype: object),11.842186572844001
(177, content\t    字幕开始滚动后，第一排有人大喊"I want my money back"，最后一排有人迫不...
Name: 177, dtype: object),11.768191161872483
(178, content\t    节奏快，英雄多，看得真是非常过瘾了。这集反派特别给力，看着我们的英雄们被各种按在地上摩擦真的...
Name: 178, dtype: object),3.7193590198739463
(179, content\t    复仇者联盟4：轮回天生\t
Name: 179, dtype: object),13.372841743914401
(180, content\t    莫名觉得灭霸很可爱，看到最后想和他一起看日出。\t
Name: 180, dtype: object),6.322856778689403
(181, content\t    分好高，可是结局真的令人失望，仓促凌乱，是导演敷衍还是功力下降？\t
Name: 181, dtype: object),1.2038227926860006
(182, content\t    一场从一千四百万零六百零五种可能性里寻求唯一解的游戏。紧凑到完全没有反应时间，可以挂着泪珠哈...
Name: 182, dtype: object),6.802414139094701
(183, content\t    看完懵了，现在都没缓过来。\t
Name: 183, dtype: object),5.160727012757
(184, content\t    就像是一锅大杂烩，但完成度颇高，插科打诨和大场面还是之前漫威的老路子，当然这一部确实很悲壮。...
Name: 184, dtype: object),6.011054968325782
(185, content\t    全程我只希望灭霸赶紧集齐宝石打个响指把电影院聊逼天儿的傻逼们都灰飞了！\t
Name: 185, dtype: object),1.790112228746641
(186, content\t    3.5。1.不灭不霸，是宿命，是羁绊，是即便众叛亲离也要拿到玩具的执念；这种超脱野心的天真，...
Name: 186, dtype: object),14.977176442875102
(187, content\t    其实灭霸是环保局的终极左翼分子吧？除了Loki死了真的觉得很可惜之外，我觉得剩下那些消逝的人...
Name: 187, dtype: object),5.664969263664072
(188, content\t    喜欢灭霸：大块头，结实的肌肉，不花哨的打扮，简朴而精确的出拳，从不躲闪坚持正面刚的战斗风格，...
Name: 188, dtype: object),19.208278770915996
(189, content\t    我喜欢阿灭\t
Name: 189, dtype: object),12.048158099955
(190, content\t    求出灭霸系列\t
Name: 190, dtype: object),11.938489466039
(191, content\t    前半场悲剧氛围渲染到位，我就把它当美少女战士的最后一集看了。正当猜测到底哪位才是根正苗红的公...
Name: 191, dtype: object),2.89341426526858
(192, content\t    辛辛苦苦搞十年，一夜回到解放前。\t
Name: 192, dtype: object),7.965358814479
(193, content\t    在知乎和贴吧看了会儿漫威讨论，发现能打灭霸的各路神仙竟有一大堆。什么地球神级，宇宙级，多元宇...
Name: 193, dtype: object),12.322362201937699
(194, content\t    星爵，很气\t
Name: 194, dtype: object),5.322795001033424
(195, content\t    ……我永远喜欢托尼·史塔克。\t
Name: 195, dtype: object),14.0947580861514
(196, content\t    漫威不要脸，到底谁死了，谁没死，谁真死，谁假死，把话说清楚再走！\t
Name: 196, dtype: object),2.6222944676537
(197, content\t    一个马尔萨斯学派的super villain。\t
Name: 197, dtype: object),11.1831718507684
(198, content\t    年度绝望电影。\t
Name: 198, dtype: object),11.6204588102647
(199, content\t    反对计划生育。\t
Name: 199, dtype: object),9.1611183861237
(200, content\t    不充会员你们就想打过已开通蓝、紫、绿、黄、红、橙钻的人民币玩家？\t
Name: 200, dtype: object),20.9983359984557
(201, content\t    全程观感：在吃重庆老火锅 突然往里下了一盘酸菜馅饺子 刚吃了几口又往里加了山东煎饼卷大葱 一...
Name: 201, dtype: object),6.032365109372841
(202, content\t    本来“一个响指抹一半”只是无限宝石力量的冰山一角、不足为奇，却改成“集齐六颗才能打响指”、“...
Name: 202, dtype: object),13.9009690171387
(203, content\t    另，以为多死几个人就是史诗了？贱过浑过现在想正经了，怎么让人正经得起来？观众凭什么要在乎这些...
Name: 203, dtype: object),2.8259765771933996
(204, content\t    没办法，队长出现刹那还是泪了一下……兜转那么多年过去，才发觉自己最爱的始终是三巨头——如今看...
Name: 204, dtype: object),3.813724423635525
(205, content\t    最后大反派到的异度空间我一瞬间以为是天庭并且接见他的是太上老君。\t
Name: 205, dtype: object),10.59765919112358
(206, content\t    就不需要看漫画了解灭霸的成长经历，他从哪来他经历了什么他怎可能真爱卡魔拉……只要在内地深度活...
Name: 206, dtype: object),11.6392660307824
(207, content\t    灭霸这个想法感觉也不是不可以理解……\t
Name: 207, dtype: object),7.379455258437
(208, content\t    谁能横刀立马，唯有灭霸将军。灭霸戏很足，一改往年漫威反派弱鸡戏码。有亲情，有身世，二十几位超...
Name: 208, dtype: object),5.7294449711289985
(209, content\t    本质上灭霸也没错，走的还是可持续发展的道路。最后就是灭霸幸福的看日出日落？\t
Name: 209, dtype: object),6.736224328382164
(210, content\t    灭霸，一个自律且牛逼的男人★★★★\t
Name: 210, dtype: object),13.937512955833
(211, content\t    没有给观众一刻缓冲时间，故事就在突然的绝望中戛然而止。这是我看过的所有影视作品中最强大的反派...
Name: 211, dtype: object),10.067297309901
(212, content\t    Where? Who? Why?! Take that! 请听下回分解。 人太多太杂了？合同...
Name: 212, dtype: object),11.2277967897856
(213, content\t    漫威清楚瞎编凑英雄乱打，骂一万只草泥马，却不能枪毙丫的，就拍欺世盗名伪神作！比《黑豹》差一万...
Name: 213, dtype: object),2.9546892550339
(214, content\t    星爵死了差评，星爵人设崩了差评，星爵胖了差评\t
Name: 214, dtype: object),7.6315043691023
(215, content\t    多久没碰到一部让全场观众忍耐十分钟片尾等十几秒彩蛋的电影了！\t
Name: 215, dtype: object),9.7490918440608
(216, content\t    一部极高风险的作品但显然只拍了一半，如此多角色的多线程安排令剪辑几乎崩溃了，但漫威这么多年的...
Name: 216, dtype: object),4.112517262575388
(217, content\t    要什么逻辑，有情怀就好了啊！不要问下次人口又生到这么多该怎么办！不要问为什么奇异博士就是不用...
Name: 217, dtype: object),0.4853917166411038
(218, content\t    灭霸的皱纹为什么是竖着长的…………我感觉我看漫威的时候才能恢复一点原来的我。就是那种英雄气短...
Name: 218, dtype: object),1.3951801478942851
(219, content\t    经过十年不懈努力，漫威对商业片的理解终于达到了张艺谋的水平。\t
Name: 219, dtype: object),19.0598501441335
(220, content\t    有着许多小情节和多部前作铺垫下的惊喜，可大体仍是一次预期内的阶段性总结。肤浅的笑料频频打断情...
Name: 220, dtype: object),14.877694421539077
(221, content\t    漫威迷不容错过，普通人看个热闹+特效，票价还算值。\t
Name: 221, dtype: object),13.264616948834
(222, content\t    好生气哦好绝望啊但是我还是要给五星啊。控制不住我寄几。（美队不梳油头我get了他的帅点。\t
Name: 222, dtype: object),5.219038936448449
(223, content\t    近年来，漫威作品一直保持着很高的水准。这部电影已经把战场扩大到了整个星际，仍然是我们熟悉的英...
Name: 223, dtype: object),12.330546441584946
(224, content\t    小蜘蛛????????别走啊小蜘蛛\t
Name: 224, dtype: object),10.3993371214945
(225, content\t    在一个可随意复活的世界里，死亡是可疑的——真的死了吗，也因此，悲剧意味大打折扣，在演员片酬、...
Name: 225, dtype: object),8.558046644942719
(226, content\t    一个前同事很期待呢，还说要把剧透的任何人拉黑，公主脾气，恶心，直接一星。\t
Name: 226, dtype: object),1.6333381464817174
(227, content\t    当你觉得漫威越来越无聊越来越同质化，把复仇者联盟当作春晚看热闹时，这部阶段性的句号竟然拍出了...
Name: 227, dtype: object),5.7399321724158145
(228, content\t    有剧透#计生办局长灭霸莫名其妙杀了半宇宙人之后无所事事地看日出真是醉了。除了黑豹这个渣渣几乎...
Name: 228, dtype: object),3.9255703261296997
(229, content\t    感觉就像看了一台小品精选………从摄影到剪辑，割裂感非常严重。真正喜欢的只有星爵吃醋+爱丁堡落...
Name: 229, dtype: object),12.5582048927798
(230, content\t    好看是很好看但感情上无法接受啊这接下来怎么演我喜欢的都。。。想寄刀片给编剧！\t
Name: 230, dtype: object),5.391839151416986
(231, content\t    我的瓦坎达！！！！我的国王陛下！！！！啊啊啊啊啊啊，死紫薯精！！！话说灭霸从头到尾就无敌啊！...
Name: 231, dtype: object),8.5671329988069
(232, content\t    看的时候我脑子里只有四个字：巨星光环，每个角色/IP都是巨星，每个演员都是巨星，当然最强巨星...
Name: 232, dtype: object),12.236444103583
(233, content\t    罗素兄弟优缺点都比较明显了：他能设计出非常出色的动作场面，花样层出不穷，然而叙事真不是他的强...
Name: 233, dtype: object),13.541354325520876
(234, content\t    节奏和分寸感把握得非常好，路人粉很满足。不过还是想问：希芙还会出现吗？瓦尔基里逃走了没？勇度...
Name: 234, dtype: object),2.745275258341992
(235, content\t    有内心戏的灭霸\t
Name: 235, dtype: object),10.1914045671627
(236, content\t    在我心中可与美队2并列漫威史上最佳，超级英雄电影最强结尾，毕其功于一役的感觉。制作不用说，瓦...
Name: 236, dtype: object),12.55325921621613
(237, content\t    某人说过，知道什么时候结束比知道什么时候开始更重要。漫威饼子摊得再大，也记得有始有终，不服不...
Name: 237, dtype: object),3.0503557693427754
(238, content\t    从某种意义上讲，作为剧集型电影的漫威系列也有着典型公共网剧集的特质：以角色为中心，故事起辅助...
Name: 238, dtype: object),24.196904538844894
(239, content\t    Ok. It’s a good movie. But i am totally pissed.\t
Name: 239, dtype: object),18.429317595670398
(240, content\t    比2好看，虽然很虐…绯红女巫和奇异博士一如既往地帅炸天，最重要的，这次开挂的终于不是正派bo...
Name: 240, dtype: object),15.266473602292951
(241, content\t    作为看过权游的人，对所谓主角的死表示非常淡定并抛出一个神秘的微笑\t
Name: 241, dtype: object),13.4645987067289
(242, content\t    一张票看三部电影，《拯救大兵幻视》、《龙宫借宝》和《六龙珠》，很合算。最后在经济大萧条下，散...
Name: 242, dtype: object),10.400176787468713
(243, content\t    为了不剧透，我连分都不打，这就是操守\t
Name: 243, dtype: object),6.178145743850999
(244, content\t    【YVR-5th】很娱乐，但是很多地方真的插科打诨搪塞逻辑了过去，那么多部电影铺垫出了人物性...
Name: 244, dtype: object),6.81678080071164
(245, content\t    Russo brothers，you motherfu……【视觉想象有多贫瘠，群戏有多弱，话...
Name: 245, dtype: object),8.826071102622448
(246, content\t    @HK Yoho IMAX 观影过程中迸发多次掌声、欢呼和爆笑，堪称漫威嘴遁集大成之作；不过...
Name: 246, dtype: object),22.99649971107608
(247, content\t    灭霸原来是计生办的！电影视觉效果一流。但组合的超级英雄太多节奏过于冗长，看到一半就审美疲劳了...
Name: 247, dtype: object),3.0675903752592704
(248, content\t    颁给灭霸同志计划生育先进个人称号\t
Name: 248, dtype: object),10.715495915148
(249, content\t    玩了个大的，灭霸非常牛逼非常忧伤，但这么多戏份也没能把人物动机说清楚，计生委灭主任的使命感逻...
Name: 249, dtype: object),2.5114532206994267
(250, content\t    灭霸居然就成功了，唉……不合理啊，其他领便当的先不说，小蜘蛛还有独立电影呢，就这么挂了……1...
Name: 250, dtype: object),6.845234207069
(251, content\t    观影愉快，但无法接受，不是角色便当，是灭霸价值观的结局。解锁好多新cp，神兽啊科技x魔法x斗...
Name: 251, dtype: object),16.4768093699414
(252, content\t    明明全片星光熠熠我却因为异形梗和低俗小说梗而嗨应该是极少数了吧哈哈哈哈。罗素兄弟这一次的笑话...
Name: 252, dtype: object),13.8105919993476
(253, content\t    宁添十座坟不加一个人的计生工作做得好啊，三分全给大反派圆梦的结局。作为一个非漫威宇宙人，不预...
Name: 253, dtype: object),11.8191156872587
(254, content\t    怒的计生委主任。\t
Name: 254, dtype: object),7.2425064589704
(255, content\t    4.5。卡魔拉之死赚足眼泪。几场大战看得眼花缭乱，求漫威做个人……\t
Name: 255, dtype: object),1.8511559394139645
(256, content\t    星爵发现在灭霸强大的实力面前，自己的努力全都是泡沫，只一刹的花火。\t
Name: 256, dtype: object),13.320128206259701
(257, content\t    本片旨在告诉你如何开通QQ紫蓝红黄绿各种钻的方法。\t
Name: 257, dtype: object),20.3344610114014
(258, content\t    这是漫威最好的时代，十周年之际将旗下二次元英雄们互相交织着十几部电影的融汇成这样一个超级英雄...
Name: 258, dtype: object),10.49880638096387
(259, content\t    美国队长出场的时候，旁边上海小青年惊呼：这是谁？？另一个上海小青年回答：金！刚！狼！我笑出声...
Name: 259, dtype: object),12.172633731642499
(260, content\t    漫威十年培养出观众对角色的依恋，加上罗素兄弟多线叙事的优异掌控，终于让这个系列重回正轨。灭霸...
Name: 260, dtype: object),25.259341058485795
(261, content\t    “灭霸是一个有情怀的无产主义者，不惜牺牲此生最爱来整治这个混乱拥挤不堪的宇宙，整治完了也不是...
Name: 261, dtype: object),10.137853803911
(262, content\t    Sloppy writing... 没敢把最贵的几个演员砍掉？\t
Name: 262, dtype: object),9.4248159816747
(263, content\t    这部片子告诉我们：没有党的领导，群众终将一无所成，即使超级英雄们也不例外，因为他们纷纷将亲情...
Name: 263, dtype: object),20.423761669920797
(264, content\t    《灭霸传》这部电影致力于拆除违章CP一百年不动摇。希望CP被害的漫威粉们能记住这一刻的感受，...
Name: 264, dtype: object),10.047897355168597
(265, content\t    主要人物太多，剧情太乱。如果是电视剧，冬休前最后一集这样无可厚非，作为电影就掉分了。剧情的各...
Name: 265, dtype: object),2.5051545015355257
(266, content\t    结束时影厅里静默得像一场追悼会，10分钟片尾字幕没一人说话。\t
Name: 266, dtype: object),8.8731116942086
(267, content\t    哇 全明星阵容 组成了 一个智障联盟 不是几万亿生命吗？？？怎么每个人都这么不坚守自己的原则...
Name: 267, dtype: object),10.3645364230727
(268, content\t    沉浸在托尔的帅颜中无法自拔！史上最好看！期待下一部！\t
Name: 268, dtype: object),15.988585331344899
(269, content\t    能让我熬大夜的，就你了。真是给十年粉的云霄飞车，全程按捺不住的激动与揪心。一次亮相，一个招式...
Name: 269, dtype: object),18.6871361365959
(270, content\t    81/100 罗素兄弟在动作设计和场面调度上的优点被保留，仍然有看武侠电影的快感。视效上虽非...
Name: 270, dtype: object),18.5273825580687
(271, content\t    半只没脱下的拳套惹出的祸\t
Name: 271, dtype: object),7.570647908785
(272, content\t    出影厅时午夜下半场的人们在进场，一脸霜打茄子的人群丧尸般目不斜视的缓缓经过还不知道要面对什么...
Name: 272, dtype: object),4.168849642899399
(273, content\t    看到睡着，太难看了qwq\t
Name: 273, dtype: object),4.387061542234032
(274, content\t    对这种一群超级英雄大乱炖式电影始终喜欢不起来，这部也不例外。电影里的英雄，团队作战很正常，但...
Name: 274, dtype: object),12.331591376022722
(275, content\t    虽然已经猜到了结局，但没想到还真敢这样拍，真的很大胆。\t
Name: 275, dtype: object),1.503064586182068
(276, content\t    钢铁侠他们摘手套那段很精彩，不过我一直没想通的是，都打到这份儿上了，为啥不直接剁手...\t
Name: 276, dtype: object),4.549506901413211
(277, content\t    游戏迷关键时刻还是起作用的。\t
Name: 277, dtype: object),10.7922137709824
(278, content\t    漫改电影也要做史诗故事了？真是诲人不倦。\t
Name: 278, dtype: object),12.0303852426981
(279, content\t    零分滚蛋\t
Name: 279, dtype: object),7.727045892465
(280, content\t    ？？？？？逼我看续集\t
Name: 280, dtype: object),5.349303800294999
(281, content\t    特效太好了，打斗的部分太刺激了。一如既往的水准，期待下一部。\t
Name: 281, dtype: object),7.293085081093495
(282, content\t    好悲壮的结局。但那个卡魔拉的男朋友就不能让大伙把大反派的手套摘下再去揍么？直接把一个英雄主义...
Name: 282, dtype: object),4.308434383592026
(283, content\t    票房火爆到只有工作日24:30场最后一排角落座\t 首尔这个世界最大imax厅好灵哦 后悔去...
Name: 283, dtype: object),9.971111282172052
(284, content\t    漫威粉的狂欢，特效酷炫，结尾套路，坐等复联4怎么圆回来。\t
Name: 284, dtype: object),12.973723749733699
(285, content\t    听我说三遍，保罗贝坦尼全宇宙最帅病弱男，保罗贝坦尼全宇宙最帅病弱男，走在世界上最好的苏格兰土...
Name: 285, dtype: object),11.7613722148135
(286, content\t    试求解灭霸消灭半数生命的随机过程/滑稽\t
Name: 286, dtype: object),8.0947602119338
(287, content\t    新出来很多角色，比如树孩子，小浣熊……. 节奏真的很快，英雄很多，你必须全神贯注。\t
Name: 287, dtype: object),14.265600136148299
(288, content\t    坏人很有深度也很让人同情。钢铁侠作为蜘蛛侠的导师，很有爱。场面之恢弘，让人叹为观止。\t
Name: 288, dtype: object),4.692432813387168
(289, content\t    英雄们变身释出技能很爽，但是灭霸的责任心让人印象深刻。\t
Name: 289, dtype: object),14.2460883056795
(290, content\t    比预计好太多，把一群C位大咖塞到一个电影里却没有拍乱，多线叙事有条不紊，真是非常难得！笑点和...
Name: 290, dtype: object),15.7236143703812
(291, content\t    其实我跟热评那位兄弟的想法不一样，漫威总算找到了一种让局长说出MotherFucker又不至...
Name: 291, dtype: object),11.767810253838201
(292, content\t    太！精！彩！了！比起DC，Marvel的电影真的是诚意之作。全程无尿点，憋死我了。爱美队，爱...
Name: 292, dtype: object),14.300244913827107
(293, content\t    这是第一次注意到反派灭霸的内心，他每说一句“daughter”，心就会软一次\t
Name: 293, dtype: object),12.570590488077901
(294, content\t    我竟然看哭了\t
Name: 294, dtype: object),4.373286553971
(295, content\t    灭霸的响指也太????了吧\t
Name: 295, dtype: object),6.6459308173037295
(296, content\t    不是漫威的粉，没看过之前的复联系列，看完很后悔！！因为摆明了还要看下一集啊！！妈蛋！即便知道...
Name: 296, dtype: object),3.2671191606573045
(297, content\t    《复仇者联盟记·灭霸本纪》\t
Name: 297, dtype: object),13.962644073469997
(298, content\t    名字像洁厕灵的反派不算什么，最终的大敌：合约。\t
Name: 298, dtype: object),11.769672734444699
(299, content\t    星爵我操你妈……\t
Name: 299, dtype: object),6.021875560465
(300, content\t    我是灭霸，我的手套在过海关的时候被扣押了，现在只要给我打99元，等我从海关赎回手套。打响指的...
Name: 300, dtype: object),2.8440695900578854
(301, content\t    我迷上灭霸了??，银河护卫队团灭了，还有下部吗？\t
Name: 301, dtype: object),10.9638051937083
(302, content\t    我先打了五星，又打了一星，又改成五星，再打成一星，最后打了四星.........可以给导演寄...
Name: 302, dtype: object),10.38660069926718
(303, content\t    3.5左右吧。核桃仁、杏仁、花生仁、瓜子仁、芝麻仁各自都挺好的，合成一个五仁月饼，可能有些人...
Name: 303, dtype: object),2.7816158450512156
(304, content\t    再等几年又如何呢？演多久我就追多久。悲壮也好看！\t
Name: 304, dtype: object),3.1178050221516003
(305, content\t    我真的快被气吐血了！！\t
Name: 305, dtype: object),3.9249928989828993
(306, content\t    你可知道你的名字解释了我的一生，碎了满天的往事如烟与世无争\t
Name: 306, dtype: object),6.86501829263904
(307, content\t    一部老式翻盖手机，一直随身携带，一直保持有电状态，这不是爱是什么？\t
Name: 307, dtype: object),6.714755072454599
(308, content\t    雷神手里的这特么不是利维坦之斧么！\t
Name: 308, dtype: object),9.2441725604226
(309, content\t    看完觉得男票像灭霸不想理他了\t
Name: 309, dtype: object),7.561298754185
(310, content\t    戛纳第0场。法语配音场，听着英雄们操着法语斗嘴很容易出戏，但也算是一次很难忘的观影体验。三条...
Name: 310, dtype: object),14.568337210412201
(311, content\t    2018年已看072。不合平仄念奴娇：响指声尽，纷飞处，半数英雄人物。瓦坎达边，人道是，黑豹...
Name: 311, dtype: object),12.077359271788202
(312, content\t    遥想纽约遭袭，盾铁联手了，雷神英发。巴顿黑寡，浩克怒，强敌灰飞烟灭。片尾神游，多情应笑我，方...
Name: 312, dtype: object),11.910033854352998
(313, content\t    灭霸集齐六颗石头，响指一挥，消失了一大半人，也消失了好多超级英雄，还有我喜欢的小蜘蛛，结局突...
Name: 313, dtype: object),11.363185035801001
(314, content\t    看的粤语字幕，翻译太有才了笑死。妇联最好看的一部，娴熟的多线并行让节奏紧凑，银河话唠队和小蜘...
Name: 314, dtype: object),15.2057287831579
(315, content\t    下一部如果不是《复仇者联盟4:无限复活》，真的，火烧漫威总部！\t
Name: 315, dtype: object),11.936193221736499
(316, content\t    引用全片最后一句话作为评价：Motherfu……【20倍的机场大战哈哈哈哈！【编剧的智力上限...
Name: 316, dtype: object),13.208616063313782
(317, content\t    悲怆有之，欢乐有之。\t
Name: 317, dtype: object),9.21055257595263
(318, content\t    离别有之，聚首有之。\t
Name: 318, dtype: object),10.921518253839
(319, content\t    凡人皆是英雄，这山高路长，醒时交欢，醉后分散，永结无情游。\t
Name: 319, dtype: object),10.307683235786
(320, content\t    滅霸，和HISHE小動畫裡的差不多強。\t
Name: 320, dtype: object),10.2077854900277
(321, content\t    ？？？？？\t
Name: 321, dtype: object),8.633469802832
(322, content\t    激动。不知不觉漫威世界已经走过十年，回想看每一部漫威电影的经历，发觉漫威宇宙系列竟是贯穿了我...
Name: 322, dtype: object),19.6649647331137
(323, content\t    奇异博士碎了银护夫妇背大锅…妈耶我好气啊啊啊啊啊为啥树也要死他是植物！！！！\t
Name: 323, dtype: object),7.559172889412899
(324, content\t    啊啊啊，差点儿看睡着了…外国动作片还是没有国产武侠片或者枪战片刺激。根本就没《红海行动》血脉...
Name: 324, dtype: object),12.6385903967354
(325, content\t    喜欢这种悲情的结局。灭霸一波砸盘，跌了 50%。出电影院一看，卧槽果然砸盘了！\t
Name: 325, dtype: object),2.9493119390916
(326, content\t    我投灭霸一票！！！！！！！！\t
Name: 326, dtype: object),10.231830950456901
(327, content\t    两个半小时特么的就讲了半个故事，某几条剧情线还根本没串联起来……而且凭什么第一个灰化肥会挥发...
Name: 327, dtype: object),2.5357857853617327
(328, content\t    Hulk需要一个拥抱，我也要（哭唧唧）。以人类科技发展现状，再过一百年，马尔萨斯的理论还能用...
Name: 328, dtype: object),2.301799205629174
(329, content\t    死了好多人，怀疑应该会还回来。。对我就是想看童话故事\t
Name: 329, dtype: object),1.4092978203370852
(330, content\t    人多难做戏，最大的问题是大家的智商及战斗力数值都不太稳定。服了我老伴儿，连美国队长都没认出来...
Name: 330, dtype: object),6.549817984591162
(331, content\t    电影采取了灭霸POV，整个故事走向都是反常规的，值得一个＂not bad＂。但真正导致电影失...
Name: 331, dtype: object),11.757642080224702
(332, content\t    极端环保主义者，灭霸\t
Name: 332, dtype: object),9.4525470126173
(333, content\t    辣鸡电影毁我青春\t
Name: 333, dtype: object),8.770523235319999
(334, content\t    虽然弹指间灰飞烟灭多少让我有点惊愕，但作为酝酿、铺垫了这么多年的boss战，却并不如期待的那...
Name: 334, dtype: object),3.8570188240903196
(335, content\t    建议大家看4D，效果真的特别好！剧情有点磨叽，有一段要睡着了，特别喜欢的是灭霸和卡魔拉的父女...
Name: 335, dtype: object),2.6172442039154022
(336, content\t    一个巨大无比的坑\t
Name: 336, dtype: object),7.2325139066457
(337, content\t    会复活的会复活的会复活的，好气哦！\t
Name: 337, dtype: object),10.973370342540901
(338, content\t    讲真，我觉得灭霸悲情得不得了\t
Name: 338, dtype: object),7.679924216028299
(339, content\t    能将如此冗杂的故事线不显混乱地串联在一起，先鼓个掌。所以灭霸是主角，复联是反派，最终主角在夕...
Name: 339, dtype: object),17.50517268943782
(340, content\t    电影恢弘大气，分线作战可以满足每个角色的表演空间，部分人灰飞烟灭的结局预示着还有下集...我...
Name: 340, dtype: object),17.087546327339002
(341, content\t    和我想的一丁点也不一样啊……\t
Name: 341, dtype: object),6.0393887275427005
(342, content\t    完全没有被剧透情况下的观影√\t
Name: 342, dtype: object),7.674396158978
(343, content\t    （北京万达西铁营0点粉丝专场）\t
Name: 343, dtype: object),17.928588492882998
(344, content\t    原来日本宣传都在反复告诉我们了，全灭！全灭！\t
Name: 344, dtype: object),9.6043305396372
(345, content\t    但是都死了我就感觉不会死，蜘蛛侠还有2和3呢，黑豹还有2呢……银护2是小兔子大电影么……\t
Name: 345, dtype: object),9.599044777121899
(346, content\t    （511下午立马二刷）\t
Name: 346, dtype: object),10.7572660232014
(347, content\t    雷神真的是全场MVP\t
Name: 347, dtype: object),11.735845515433
(348, content\t    Hulk简直全宇宙最智慧生物\t
Name: 348, dtype: object),7.158393784295999
(349, content\t    下部的票房应该会创历史新高吧。毕竟电影都拍成连续剧了?????。\t
Name: 349, dtype: object),10.74517818628884
(350, content\t    四星，有一星给这十年的陪伴。锤哥，你死了活着都要跟基妹在一起啊\t
Name: 350, dtype: object),14.697885075804699
(351, content\t    我也很喜欢灭霸，佛教的最终解脱不就是灰飞烟灭吗，我觉得灭霸真是拯救了一半苍生（被消失的人）的...
Name: 351, dtype: object),8.165300022870495
(352, content\t    对于超级英雄电影，看点当然来自于特效和打戏，精彩全在于势均力敌。让正反两派人物中的任何一方实...
Name: 352, dtype: object),23.416935939805896
(353, content\t    三星不能再多。两星给“十年布局，只为一瞬”的结尾，一星给“天地不仁，以万物为刍狗”的灭霸。其...
Name: 353, dtype: object),11.15494680696497
(354, content\t    看过最蠢的一部漫威，好电影看多了真接受不了愚蠢编剧的片儿\t
Name: 354, dtype: object),5.803612395328754
(355, content\t    ……灭霸刻画的还挺细致……主角团（因为人实在太多）反而有一种匆匆过场的感觉\t
Name: 355, dtype: object),1.532861544807785
(356, content\t    感觉是个上集，下集还有很多故事要讲，各个英雄在不同战场作战然后归为一点，从地球到星际各个场景...
Name: 356, dtype: object),2.186662568306713
(357, content\t    真的是infinity war，最后感觉没打完就强行先暂停了。当初抱着初代们像Logan一样...
Name: 357, dtype: object),7.16486612557868
(358, content\t    《复联3》的可贵之处，不仅仅是史无前例的超级英雄大集结，也不是气壮山河的史诗级大战，而是在漫...
Name: 358, dtype: object),20.045879614976002
(359, content\t    就好像拿到一份华丽丽的产品目录，这个买过了，这个也买过了。（你身边一定有这样的评论音轨）。然...
Name: 359, dtype: object),3.481124408937646
(360, content\t    《复仇者联盟3：无限战争》是一部创造了英雄电影奇迹的作品，罗素兄弟在150分钟的时间里，将多...
Name: 360, dtype: object),14.992764485917116
(361, content\t    谁能想到，终极Boss竟然是马尔萨斯的信徒。用这种前工业时代的理论拍成一部大片，显然是没有想...
Name: 361, dtype: object),7.977534964627699
(362, content\t    为了凑满汉全席，不仅星际争霸的设定也硬要写出1v1肉搏戏，而且前期难得立起来的二线角色这次直...
Name: 362, dtype: object),9.11099797407815
(363, content\t    灭霸挺有道家精神的，天之道，损有余而补不足。牺牲自己一个，顶着大奸大恶之名，成全宇宙可持续发...
Name: 363, dtype: object),2.905658476206627
(364, content\t    绿水青山，才是金山银山\t
Name: 364, dtype: object),9.1955494912533
(365, content\t    很好看，很燃，值得去电影院看，组团去的好多，四星。\t
Name: 365, dtype: object),8.86109751261933
(366, content\t    只有刚刚看过复联2的人才知道复联3有多好！蜘蛛侠出来的时候就想打高分了！\t
Name: 366, dtype: object),1.521853557547993
(367, content\t    怎么讲，如果没有复仇者联盟，灭霸怎么赢呢？\t
Name: 367, dtype: object),8.1274618440063
(368, content\t    看完了有点不明白为什么当年复联一我要刷三遍【大概只是为了基妹】复联2还买了奥创的T恤【大概只...
Name: 368, dtype: object),1.2076426742976312
(369, content\t    三部里，最差的一部。多线索叙事，可各条线索之间太过乏味。连碰撞点都毫无吸引力。一部电影非得学...
Name: 369, dtype: object),3.9432225160693135
(370, content\t    看完内心毫无波动，一部连观者都说服不了的电影，所有人都失去了个性，几乎每个人脸上都标着大写的...
Name: 370, dtype: object),6.0887205623771
(371, content\t    复联最好看的一部，漫威电影宇宙十周年的历史性大一统，剧情流畅，情怀满满，最大的亮点倒不是那二...
Name: 371, dtype: object),19.97486911405
(372, content\t    造这么多偶像花了整整十年，一个响指就灭了一大半，编剧真的也太懒了点。。。\t
Name: 372, dtype: object),4.313607122542839
(373, content\t    纽约 AMC点映一刷\t
Name: 373, dtype: object),11.042254029731
(374, content\t    二刷之后改分 知道剧情之后更注重其它\t
Name: 374, dtype: object),3.4681642245550717
(375, content\t    电影院里掌声不断 我旁边女生从3分钟起就开始哭(看来也是二刷)\t
Name: 375, dtype: object),12.453868293849
(376, content\t    总之 确实是好片 期待下一部\t
Name: 376, dtype: object),10.8954241714401
(377, content\t    就想看编剧们要怎么编\t
Name: 377, dtype: object),5.0237660242149
(378, content\t    三刷 看了中字首映\t
Name: 378, dtype: object),10.095875039766
(379, content\t    脑补了三种逆转结局\t
Name: 379, dtype: object),9.674069805445999
(380, content\t    明年再验证吧\t
Name: 380, dtype: object),11.680711808297001
(381, content\t    作为执剑人，奇异博士和卡魔拉都不合格，是他们的软弱葬送了一切，都是感情用事的圣母婊，怀念奥创...
Name: 381, dtype: object),11.9977095281546
(382, content\t    所以灭霸干了那么多蠢事，就是为了安安静静看个日出。等了十分钟彩蛋听见旁边的女生说“这不是眼镜...
Name: 382, dtype: object),2.1934102594777305
(383, content\t    （８／１０）老哥请我看的片，不过整个电影院也就5人……　徐锦江=书大。福尔摩斯……们=朱武、...
Name: 383, dtype: object),11.55697938072445
(384, content\t    只有观众想不到，没有漫威干不出。\t
Name: 384, dtype: object),8.964078120149
(385, content\t    恍惚回到小学看美少女战士第一季结局的时候，就是“你们该死了，那就创造条件让你们全部死掉吧”这...
Name: 385, dtype: object),2.22062953322683
(386, content\t    就像面对打了十年的游戏，到如今是否尽兴投入多少反倒没有那么重要，并不是结果主义的我对这部饱受...
Name: 386, dtype: object),5.845415782426383
(387, content\t    主角光环与英雄们无缘，而放在了反派的头上，一改以往绝大多数电影的传统。\t
Name: 387, dtype: object),16.7885825747417
(388, content\t    不用悲伤啦，这集只是假惺惺的悲壮，下集（4）才是要通天的逆转\t
Name: 388, dtype: object),9.449088125604
(389, content\t    比起《复联2》来还是稍微好点，但始终不及《复联1》精彩，人物太多，故事太杂，时间短了装不下，...
Name: 389, dtype: object),2.2355526322541546
(390, content\t    圈钱圈得很开心嘛\t
Name: 390, dtype: object),7.756002644643841
(391, content\t    很完整啊，不是大型预告片。一个彩蛋，要耐心坐到最后。然后默念：没事，没事。\t
Name: 391, dtype: object),5.731932493864435
(392, content\t    那……这可怎么办呢……\t
Name: 392, dtype: object),1.5369300741193794
(393, content\t    美国队长之守望尘世，真不知道有啥不能剧透的。灭霸这志向，就是一个路怒症发作时候的我妈。\t
Name: 393, dtype: object),9.466322576630402
(394, content\t    服了，全宇宙最烂应该不辱这个电影的使命。\t
Name: 394, dtype: object),9.4148519510177
(395, content\t    论如何从Marvel接下来两年的拍片理性分析缓解内心的崩溃。五星哭瞎\t
Name: 395, dtype: object),6.2860566939683
(396, content\t    队长出场我竟看成了金刚狼，怪我眼拙\t
Name: 396, dtype: object),2.5132123341209636
(397, content\t    等19年！（flag）\t
Name: 397, dtype: object),13.740065996293897
(398, content\t    当年和男友分手时正好妇联2上映。\t
Name: 398, dtype: object),14.7295535767617
(399, content\t    现在又和同一个男友分手了，妇联3准备上映。\t
Name: 399, dtype: object),11.531523360674
(400, content\t    妇联算是陪过了我的青春：）已二刷，great\t
Name: 400, dtype: object),15.9432822388921
(401, content\t    所谓大集合，也仅仅只是当卖点了。走马观花的流程，还有几位莫名消失的，的确人物个数已经到了极限...
Name: 401, dtype: object),5.765593131714299
(402, content\t    灭霸是个哲学家…（友情提示，彩蛋自己网上搜下咋回事儿就行了，憋了10分钟尿，不值得）\t
Name: 402, dtype: object),11.5149210420943
(403, content\t    匀到每个英雄上的戏份不多，这么多人出场没有拍成建党伟业那种建宇联伟业已经很不错了。也许漫威还...
Name: 403, dtype: object),3.426388758640682
(404, content\t    终于做成超长版的美剧了，剧本还是不错，人物这么多，不过每条线都有很好的讲下去，对故事也有推动...
Name: 404, dtype: object),2.75757979227324
(405, content\t    满满的5星全都给你（看完了一周才发现没有评分）\t
Name: 405, dtype: object),10.859608528876
(406, content\t    感谢没有剧透的朋友们\t
Name: 406, dtype: object),13.6305027971907
(407, content\t    做对两件事：把反派当主角，试图塑造其前史与动机；把英雄拆分以免杂乱。动作戏依然有几场设计出彩...
Name: 407, dtype: object),22.7609672476274
(408, content\t    垃圾公司，我操你妈，五星拿去\t
Name: 408, dtype: object),6.029624685842299
(409, content\t    顺风浪死的典型，星爵坑死了半个宇宙生命！！！宇宙计生办主任灭霸同志永垂不朽！7.5\t
Name: 409, dtype: object),13.0336056534749
(410, content\t    校车司机Stan Lee：“你们激动个啥？以前没见过宇宙飞船还是咋地？！”\t
Name: 410, dtype: object),2.93210138936058
(411, content\t    宇宙裡就沒有大右派了嗎？滅霸就是環保恐怖份子呀，雖然無差別攻擊偽裝得來像是沒有種族歧視齁！爆...
Name: 411, dtype: object),8.6228511530646
(412, content\t    幽灵的威胁精神续作，致敬纳布Windows桌面大战，空有设定，剧情节奏是什么不存在的。最后，...
Name: 412, dtype: object),7.820791406005879
(413, content\t    我锤真的宇宙级的帅，强加一星给我锤。全篇英雄一锅炖，话说我怎么有点支持灭霸呢，为了人口问题操...
Name: 413, dtype: object),2.792699880791048
(414, content\t    字幕升起，彩蛋放完，整个影厅洋溢着一种想要众筹把导演打一顿的诡异静默……\t
Name: 414, dtype: object),10.3219958546447
(415, content\t    为啥不砍手可能也是我的最大疑惑\t
Name: 415, dtype: object),8.63209663601274
(416, content\t    毫无逻辑可言。。。一通乱打看的头疼。。。上次看完奥创好像就立了flag说不会再看这个系列，这...
Name: 416, dtype: object),1.8914700965066995
(417, content\t    太惨了...\t
Name: 417, dtype: object),10.306837336076999
(418, content\t    4.5星。灭霸：詹姆斯   篮球场上好儿郎，坦克身躯无人防，螃蟹舞步跨栏王，八进决赛五次黄。...
Name: 418, dtype: object),12.379634158985201
(419, content\t    谎言者坦诚了全部的爱迎来了自己的毁灭，神失去了神力无法挽回，生者抱着逝者的尸体绝望的失声痛哭...
Name: 419, dtype: object),6.254355368795432
(420, content\t    计划生育拯救世界？？？？？？？？？？？？？？？\t
Name: 420, dtype: object),8.2745307982802
(421, content\t    少一星给英雄战力分配极度不平均以及结尾大战的战略性错误，对于这样的对手联盟竟然没倾尽全力，瓦...
Name: 421, dtype: object),3.2491576273002805
(422, content\t    满分！零点场气氛也太好了吧！\t
Name: 422, dtype: object),13.4080579598119
(423, content\t    罗素兄弟拍了一部很美剧式的电影，讲得无非是两个最简单的话题和道理，可以说是壮哉我大SPN早好...
Name: 423, dtype: object),10.982126182101279
(424, content\t    开场前竟紧张到呼吸慌乱，观影中一次次战栗筛糠、木然窒息、潸然泪奔…\t
Name: 424, dtype: object),-1.1712138098487002
(425, content\t    美国海关：“你为什么来美国？”“Infinity War”\t
Name: 425, dtype: object),10.102751328458
(426, content\t    一个恨不起来的深情灭霸，让漫威英雄们霸气集结悲壮收场，塑造得太立体，战争场面和包袱效果都照顾...
Name: 426, dtype: object),14.090031901553331
(427, content\t    眼珠子都哭出来了。漫威的电影带的那种奇怪的冷幽默到真不是盖的。哭到眼珠子都快掉出来了，还是忍...
Name: 427, dtype: object),3.091447543817699
(428, content\t    批发需谨慎！漫威整合资源的能力无疑令人叹服，但将如此之多超级英雄聚合在一起，使复联像个庞大而...
Name: 428, dtype: object),17.54598352622682
(429, content\t    宇宙级的力量配上一个大一新生的头脑：德智体均衡发展很重要。\t
Name: 429, dtype: object),13.986064316681345
(430, content\t    literally从头打到尾，看得很累。规则不明，结局没份量\t
Name: 430, dtype: object),3.716295130242986
(431, content\t    ！？\t
Name: 431, dtype: object),9.5464158832279
(432, content\t    您好，您的主角光环是假的...\t
Name: 432, dtype: object),14.229416941868
(433, content\t    三星半。我们无权放弃他人的生命，比如朋友，比如伙伴。我们有时却会放弃爱人，因为我们随着他们一...
Name: 433, dtype: object),15.8366425117383
