content	
混沌初开，宇宙出现了六颗象征尊贵身份的宝石，一旦集齐就有毁天灭地的能力。它们分别是QQ空间黄钻（心灵宝石）、QQ秀红钻（现实宝石）、QQ炫舞紫钻（力量宝石）、QQ游戏蓝钻（空间宝石）、QQ音乐绿钻（时间宝石）、QQ橙钻（灵魂宝石）。为了得到六大宝石，灭霸终于对马化腾，哦不，复联下手了。	
为什么不砍手？？？？？？？	
大家好，我是灭霸，我的手套被扣在海关了，急需要200元交罚款，如果你5月11愿意发红包给我，我保证在打响指时你会活下来。我代表我们泰坦星下发红头文件:赶在2019面之前务必要让全宇宙的人口降低一半，宇宙的人均GDP才能翻一番，实现又好又快发展。这是千年大计、宇宙大事！	
灭霸是一个有情怀的无产主义者，不惜牺牲此生最爱来整治这个混乱而拥挤不堪的宇宙，整治完了也不是要搞什么奴隶制自己当皇帝什么的，而是隐居深山老林看着夕阳感叹人生无常，说不定有空再种种菜养养鸡什么的。以随机的方式减去一半的人口也体现了其公平性和创新性，简直就是boss里面不可多得的楷模。	
景甜出场的那一瞬间真的太震撼了，打趴下灭霸的时候全场都起立鼓掌了，美队把自己的盾牌给了景甜希望她能做下一任美国队长，景甜拒绝了并且亮出了胸口的红旗说i am Chinese! 电影院里掌声久久不息…	
一顿操作猛如虎 一个指响秒变土	
Fxxking Amazing！你以为在看妇联3，发现原来在看银护3！你以为在看银护3，发现原来在看灭霸传！你以为只是发便当，原来他妈是团餐！漫威从电影第一刻就开始用心打破观众预设的期待，灭霸是目前漫威写的最好的反派，电影饱含深情，在妇联4上映前漫威粉要集体焦虑了	
韩国今天看完，无剧透：1：彩蛋只有字幕全部结束后的1个。2：非常震撼，刺激，过瘾，喝可乐的世界有，需要压惊，但吃爆米花的时间没有。3：漫威粉必看，非常燃。4：纸巾有的人会需要。5：反派人设非常到位，竟然有深度。6：进场前3小时别饮水。7：特效吊炸天。8：罗素兄弟太强。9：瑕不掩瑜。	
两个福尔摩斯跑来纽约玩Cosplay不务正业，案子不用查了吗？	
下一部：《复仇者联盟：逆转未来》	
《灭霸：后来我什么都有了，但是没有了我们》	
洛基卡魔拉星爵奇异博士绯红女巫其实都有机会阻止灭霸成为QQ钻皇，可生死抉择之时他们还是“自私”地将所爱之人的安危置于恪守原则拯救世界的重要性之上，他们的爱成为被利用的弱点。而灭霸截然相反，他并非绝情之人，但他个人的爱恨只能为理想让步，所以我居然觉得灭霸的人设是最复杂最带感的。	
日啊这哪是妇联3，分明就是灭霸传啊！二十多个超级英雄三条故事线，全部在给灭霸打牙祭。虫铁最可爱，锤哥真正帅，星爵搅屎棍，结局看不懂！加上彩蛋还是看不懂！（没错我是鸵鸟我不相信！我！不！相！信！）	
我中途幻想的这片的结尾，是灭霸成功打响指，宇宙的一半开始毁灭，第一个消失的，就是灭霸自己	
居然没有让Samuel Jackson说完Motherfucker就让他领饭盒了！！	
大荧幕上曾经有这样一个传统，叫做“主角光环”。今日今时，感谢这一传统的消忘，以及反派的去脸谱化，将超英类型片带入新的维度与高度。本片可贵，乃Marvel破局之作。//两米高的幻视像小可怜一样，看得我好心动。//ps：片尾有一个预告彩蛋。	
请大家想一想，古今中外，不论是《但丁密码》还是《血色星期一》获得了知识与力量的大反派们为什么最终目的都是随机消灭掉一半的人类，这给了我们什么启示？不婚不育就可以做自己人生的反派！	
每一l故事都出F「一命Q一石」之呻y，人人榱怂垡半宇宙陪葬。生命有Fv，天佑廴耍消M者的塾壬酢＃反派是最KO的天秤座。／rg之石是BUG之泉源，世上有千f以它砼まD局莸姆椒ā＃]能]b甲的黑寡DC明，人神魔的血y都S便吧，宇宙最的血y是俄_斯人。	
结局简直丧出天际！灭霸竟然有内心戏！全程下来美队和钢铁侠也没见上一面，我还以为在世界末日前必然要重修旧好了！	
所以说办公室恋情会坏事…本来都翻盘了的…	
这种无限膨胀且不着边际的意淫题材，终将只能满足观众们少儿般天真烂漫的幻想，同样也止步于此。	
最大的笑话大概是灭霸的眼泪？	
众英雄靠什么打败灭霸？集体尬舞	
美队护钻忙，灭霸单手我来扛	
铁人护钻忙，怒拿一血负重伤	
雷神护钻忙，视死如归正面刚	
博士护钻忙，机会渺茫也无妨	
星爵护钻忙，银护从此无鸳鸯	
黑豹护钻忙，瓦坎达里战一场	
寡姐护钻忙，纵使强敌也不慌	
蜘蛛护钻忙，一往无前好儿郎	
阿灭抢钻忙，灰飞烟灭笑称王	
粉丝抢救忙，一呼一吸透心凉	
？？？？？？不是漫威脑残粉就别来吃屎了。这个电影逻辑节奏一泡污，除了灭霸以外几乎没有角色成长，失败的群像有种“我都把你们最爱的漫威英雄塞到一起了你们还想咋样”的感觉，反正我看得不是很开心，我估计漫威粉（因为剧情）也不会很开心。	
复联三内地5.11上映，北美4.27。如果美队死了，我连头七都赶不上。	
一直以为自己是漫威的路人，但看完《复联3》才知道漫威最强大的地方就是把每个人物都润物无声写进了你的心里，好几处泪眼婆娑。真的不要被剧透，这样你会多几次虐心，因为你不知道挂的究竟是谁。第一次看完漫威心情如此的down…节奏、视觉、情感全部被照顾到了！无限期待《复联4》！！！	
灭霸是一个高尚的人，是一个脱离了私人恩怨、脱离了近身肉搏、脱离了低级趣味的人... 等一等他压根就不是个人。	
看完之后很生气	
我懂灭霸	
坐等下集灭霸qq会员各种钻到期	
建议复联4明天上映。	
一向不喜复联系列，像肥皂剧拍到季终。有罗素兄弟加持，至少不是混乱爆米花。不过这集只是赋予一层假惺惺的悲壮，下集还要逆转。团队角色依旧走马灯，多数沦为跳梁小丑，甚至背离初衷的性格。可喜的是灭霸被塑造成有血有肉的灵魂角色，用的是“天之道，损有余而补不足”的道理，最后还能做到清净无为。	
头号玩家：灭霸。本质上，就是找彩蛋大电影。战斗力波动得太厉害了，以前觉得超级英雄个个死不了，很无聊。但现在这种死法，又极端突兀（比如史塔克被插那么一刀）――更不要说灰飞湮灭，说明电影根本没有足够时间，去构筑真实的情感抉择，全是要挟绑架只能活一个……所以，更像一款漫威的电脑游戏。	
太难了。。。	
漫威是不是要开启一种新的评分模式叫：这部好不好取决于你下一部怎么拍？	
《复仇者联盟：七堇年狂操韩庚组合》、《钢铁侠2：安妮宝贝痛扁蜘蛛侠》、《正义联盟3：金刚葫芦娃轮流咪蒙》、《漫威4：郭敬明大战绿巨人》、《时尚圈儿大乱斗5：变形金刚日翻马云》、《凛冽女子6：ayawawa夹死方舟子》。	
灭霸，看透万物规律，忍辱负重，有情有义，一个男人扛起了整个宇宙的命运，迎着夕阳完成了自己的使命，我挺Thanos.	
啊这个结尾的方式真的万万没想到，太不类型了，一点都不类型。现实、直接、举重若轻，居然还带点诗意。本来觉得看完复联3我就漫威毕业了，但是现在，我需要马上看到复联4，立刻！马上！！	
统鹫哂X得地球碰上霉\，我倒X得是_Z斯中了好\──想，如果洛基不偷方K，方K留在阿斯加，_Z斯和泰坦族即便本事通天，又焉能在龅Buff下火力o限血lo限的W丁家L女面前Z？怕不是一M神域就被扒了手套暨^皮。你大姐是你大姐，就算蚣s不在依f能刷存在感阿。	
建议小蜘蛛和钢铁侠出一部泡沫情景喜剧《老学究与小学生》，或者奇异博士和钢铁侠出一档综艺《嘴炮大擂台》，这两个组合我愿意再看几十年。	
意外发现冬兵和火箭放在一起也挺萌的。	
我就是好奇托尼怎么回地球……留在火星种土豆？？？	
剧情进展太快，眼泪还没流出来就被笑出来了，笑容还没收住就被眼眶的泪水抹煞了。不过这颗情怀吃得我心满意足，片尾巨大的悬念让人不忍离开影院。荷兰首映观影结束后全场起立鼓掌不息，终于催出了我磅礴的悲伤情绪，不忍告别这个宇宙，更不忍告别初代复联成员。	
把我基神写成智障，辣鸡mcu	
过于悲壮的一部，但依旧膜拜在漫威的10年聚力…我们还有多少可以失去？	
别团！等人齐！	
下一部《复仇者联盟: 我们的阴阳两界》。此去泉台招旧部，旌旗十万斩阎罗。	
人物^多到每都只是出砺表示我在。蚍葺^多的是反派Thanos，但也不X塑造有到SM，B父女情都H伪　Ｎ蚓彩度也有降...且漫威一直加插笑c的路，ll打噙@部正∽呦虻∏榍榫w...而所^3和4H就上下集PS。至於映前猜yl死的}...其...根本不需腊...	
不剧透，哭晕在影院。一个时代的终结，我们80末后这一代人的星战就是妇联。见证青春的十年。Asgard之星永不坠落。反派居然挺有深度的，有意思。	
极讨厌漫威的搞笑桥段，不断打断剧情气氛。角色太多，全片没有一个可称为人物，150分钟一直在说话，结果尽是下集的铺垫，连基本的发展、高潮都不及格	
“妇联3和4是独立的故事不是上下集” 呵呵呵。这部不仅不是一个完整的独立成章的复仇者电影，甚至都不能算“复仇者”电影。多名核心成员未出现，没有一次集体亮相，哪怕是各小分队内部也缺乏协作，作为绝对精神领袖的队长甚至还不如星爵塑造的丰满。这部顶多只能叫“灭霸狂虐钢铁侠和雷神的小伙伴们”	
关键点都好傻，我知道你要拍续集，我知道未来可以被重写， 但那一拳真的有点傻。	
好了可以了。再也不看Marvel了。我努力过了。实在是。。啥呀这是。???	
漫威电影有史以来最不照顾路人的一部电影了，混乱时间线，草率的结局，过于强大的反派，几处剧情衔接不流畅，香港尖沙咀影院25号13点 看完留。	
莫名有种大过节的你就给我看这个！？的心情，五一没上是对的，太日狗了	
有种在家吃完火锅之后的空虚感	
三星半。灭霸在不断变强的过程中，仿佛产生了神性，所以后面的战斗他不断放水，也不主攻，有时候甚至故意让复联找机会干死自己，这是这部电影最有趣最“个体”的地方了。	
来香港五年半，第二次在地铁上哭……	
灭霸明显入错行了啊，这手段、这心态，适合去搞计划生育！	
前面睡了三分之一总算接着看完，灭霸：我最放心不下的还是困难群众，不如早死早超生吧。随机牺牲一半，幸福另一半，比咋们明目张胆的社会达尔文主义要公平。	
不爱任何一个超级英雄，但是也知道他们中每一个的魅力都来自不可复制的身世和独特人格，现在被批发到一部太空肥皂剧里，纷纷沦为人肉道具，吸引力不是N倍增加，而是变成了N分之一。战斗戏的编排和想象力都严重欠费，最后的反高潮透着一股市侩――真有本事你就到此为止，别拍续集。	
看片之前男朋友说怕被我剧透要分手等到上映之后再和好…==无可救药的混乱和自大，分开看所有人物都是满满的槽点。对于非粉丝来说，看剧透比看电影清晰多了。	
结尾灭霸一个人坐在那里看日落好像小王子哦…………（眼神呆滞地说）	
群像剧角色越多，就越需要一两个人成为叙事中心。导演选了灭霸，没问题，但空有论点没有论证：他做事的动机居然只是几句道理，而他的抉择，牺牲，统统表现不足，这样观众怎么会对他投入感情？英雄由于数量过多，顾及不暇，除了幻视一对，其他人都像走程序的机器人。至于massive death，只是个廉价手段	
洛基上来就死太难过了，钢铁侠差点死的时候我简直要哭了！凌晨的首映满场！真心给力的很，每秒都觉得抓眼球。灭霸形象塑造的很成功！	
其实漫威电影就是将工业化的美剧模式电影化，这种电影的价值和一集美剧差不多。这年头，虽然喜欢作者电影化美剧的人越来越多，但这种传统工业化的美剧还是大众化的主流，像《权力的游戏》《绝命毒师》那种，你也不能否认这类影视剧讲故事的能力，漫威电影也属于这类，只是特效至上，更加爆米花而已。	
宇宙级计划生育补完计划，无产阶级革命家、宇宙计生办委员会灭主任跨越整个宇宙搜集龙珠召唤“响指”的故事。这部电影的副标题又名“后来的我们”，感谢星爵，让人期待《复仇者联盟4：逆转未来》！ps，某些人跟博士学着点，人家才是坚持不剧透	
洛基 卡魔拉 冬兵 黑豹 红女巫 幻视 格鲁特 飞鹰 Drax 星爵 蜘蛛侠 奇异博士 OUT！	
瓦坎达大战真的是燃爆，索尔天神下凡的时候真的是看哭了，但是这个结局也太惨了点？满宝石手套灭霸骑脸还怎么翻盘。。。	
讲道理，没那么好看。这一代主打的感情和英雄迟暮，有点硬。结局很惊，随后很蒙，明明知道变土的都能回来，所以看到各种真情流露就有点僵。彩蛋就是在问观众要钱，谜底和新坑明年揭晓。妇联也变的像春晚一样，看久了没啥感觉了	
不要喜欢上任何东西任何人，反正你喜欢的一切都会灰飞烟灭就对了！灭霸是他妈宇宙计生办的吗我日，不过我以后倒是可以对外宣称“我爹爱我就像灭霸一样多”了……	
目前最好的《复联》！有故事、有情感、有强大反派（终于有了），动作戏场场精彩，几乎没有冷场，除了结局瞬间群发一大堆便当让悲壮过于廉价，其余部分非常满意，一对比《复联2》被衬得相当垃圾。只是灭霸的动机不太新鲜了，近点来说是《但丁密码》大反派阴谋的升级，不过从地球上升到宇宙层面。8.5/10	
灭霸好厉害啊，迷上灭霸了，这部电影干脆叫灭霸1好了。	
原来灭霸是一个应用生态学家，本集目标是降低人类种群数量，维持宇宙的生态平衡。就像美国鲤鱼泛滥的时候，人类做的就是屠杀鲤鱼。	
灭霸粉的盛宴，灭霸无敌，灭霸杰克苏。	
什么傻逼电影能不能稍微尊重一下角色。所有人强行降智降战斗力故意打不过的吧？现在看时代杂志的评价真的中肯，一部没有条理、温度，并且缺乏人性的电影。	
就和拍了十几年的剧集变肥皂剧后，series finale里各种角色都出来打个卡一样。继上一次的城市地名幻灯片后，这次来了宇宙地名幻灯片，求求他们能选个好看点的字体吗？对比之下愈发体会到了锤哥的帅还有马脸声线的出众。	
槭I，他е手下一同走^浊Ч饽甑穆贰檫_成理想，不惜忍痛奚家庭，Fh柔情，留下的男I令人神。他不理e人|疑，一步一步成橛旨みM又有任感的h保份子(全宇宙都知道有Y源短缺}，但]有人意碜觯我碜)，_S新一代男神指耍他叫Thanos，志是⑷宇宙一半人口消纭	
啥？啥？啥嘛！气到跺脚脚！星爵亲爸是种马精，岳父是计生委，也难怪他脑子不正常了。	
雷神真男人！！！	
【B-】对于大部分电影来说，它们需要细节填满情感与人物，但迪士尼“聪明”的选择了另一条路，《复联3》的悲壮感，90%都靠前作累积出的，观众对角色早已有的了解和喜爱，用一些不高明的手段调动便可让观众自行大量脑补继而感动。这种方法廉价而高效，但能算好电影吗？反正在我这不算。	
黑寡妇和绿巨人一个对视你就懂了，星爵和雷神一个对话你就笑了，美国队长和冬日战士一个拥抱你就哭了。你懂那些错过，笑那些荒唐，哭那些重逢。灭霸打了个响指，你忽然和蜘蛛侠一样难过。难过的不是世界的坍圮，而是你分明看到银幕外的自己，带着不切实际的幻想和十年的回忆，在时间的烟尘里化为灰烬。	
集合了漫威电影的所有优点：最悲壮的诸神黄昏，最热血的瓦坎达，最man的美队，最绝望的史塔克，最捣乱的银护，真・最没存在感的蚁人，当然还有最牛逼的宇宙计生委――灭霸！	
B / 他们从曾经的童话光环里走出，最终不得不面对凡人无常而绝望的生死疲劳，所有抗争背后都是代价。简简单单一个最核心的“交换”概念拍出了属于漫威的《一一》。几个反类型的时刻都踩得很好，假如MCU停止于此刻或许可以算是一个光辉的结尾。三部复联最高，私人MCU前三。	
男人不要再说女人看重钻石了，你看灭霸为了集齐六颗钻石，把宇宙都要搞翻天了；女人也不要说男人不解风情，灭霸与天下为敌，不过是为了能悠闲地坐下来看看夕阳……#第一次get到了雷神的帅#	
又名：灭霸不为众人理解使命的阐述与理想的实现。	
美队没死	
我看过了  美国队长死了！！！！！！！！！！！！！	
凌晨两点半从首映的影院散场出来，空旷的街道仿佛确如半数以上人类消失的世界。路口的指示灯零星地闪烁，只有角落里的一只猫转过脑袋从容地和我对视，另外一只翘着尾巴从墙头跳下，钻进无人的车底。你是否愿意付出所有的市声喧嚣、尔虞纷争只换此刻永恒的宁静？突然就懂了灭霸。人间不值得。	
星爵是全片最傻逼的……还有为啥不砍手……？？？？？？？	
爆米花电影 叫灭霸的宇宙计生委员会大妈指标达成后坐看夕阳西下一脸欣慰	
1.严肃的时候太把自己当回事，插科打诨的时候太不把自己当回事。2.除了奇异博士几乎每场打斗都是轮流在交智商税，不砍手不用时间宝石的潜在解释只有xxx种结局之唯一赢法，促成因素是博士看最透，这剧本是本尼经纪人写的吗？3.不扯计生环保，都蠢成这样了，死不足惜留一半都后患，别复活了。	
前期没关注，只看到一百篇“没给演员真剧本”通稿。然而根本不需要什么剧本，而且剧本太烂了。	
作为几亿级的大片，视觉想象力之匮乏也是没谁了，偏偏还是部靠场景划分的情景喜剧。美术指导、动作设计都是零分级	
非常燃，非常爆米花，对得起“漫威宇宙”这个title。以及，灭霸的想法其实是社会达尔文主义的产物，说他是反派，倒不如说他是一个卓越的计生委主任呀！	
古道西风灭霸，夕阳西下，断肠人在瓦坎达。	
复仇者联盟版“霍格沃茨大战”，灭霸收集无限宝石犹如伏地魔收集魂器。全片悲壮惨烈虐心至极，只能靠英雄们间的插科打诨和斗嘴调和气氛。锤基兄弟情深，卡魔拉星云姐妹情深，灭霸卡魔拉父女情深，铁人小虫“父子”情深，幻红爱侣情深。凡人外表出场的炮总禁欲气质帅到我了！Peter Dinklage竟然有参演！	
你就说有多少人头是白送的……	
听我一句劝，非漫威粉丝真的别来看了。这片是我看过最不照顾路人的超级英雄电影，何必浪费两个半小时在影院里睡觉呢。所有角色基本都只有功能性，非常依赖粉丝对他们的场外了解去补完个性。完全靠虐粉来营造出伪莎剧式悲壮感，然而只有情绪却不存在动机，路人只会觉得廉价可笑。	
无限战争告诉你，再宏大炫酷的战争，不如撅手指头来得实在。	
在世界最大IMAX看首映，彩蛋结束所有人都静静地离开连交谈都没有，全部吓傻了	
什么鬼结局？电影院的人都不想走，就因为不服气英雄们都灰飞烟灭了。还有，凭什么把钢铁侠搞得那么狼狈，却把锤子哥的威力捧那么高？？	
第一次电影演完95%的人没走等着彩蛋。	
星际岳云鹏痛殴极端环保主义者终致全宇宙被迫参加俄罗斯轮盘赌 打戏精彩纷呈然而故事老套 部分角色为领便当罔顾逻辑	
跟魔戒比，这是相当高魔了！灭霸，前计生委形象大使！小恶魔翻身记！彩蛋是灭一半人类只为Captain Marvel打个预告片！？最后感觉可以无缝连接到Leftovers去，加上在一艘形似工程师飞船上的异形梗……达蒙・林德洛夫（普罗米修斯）居然没掺和本片！最后灭霸也灰飞烟灭那就是神片了！	
其实视角转换到反派那里，这就是一个修真爽文。漫威的肤浅在于，缤纷的世界观之下人性反而浅显；但即便美国主流文化十分值得批判，漫威也从未停止创新。疯狂的政治家实行无差别灭族政策，虽然是在以世界主义在卖票，但核心还是美国本位。电影充满美国政坛隐喻：包容内在异化，抵抗外在异化。	
演职员表出现的一瞬间，我相信漫威收到的怒火和刀片足够发展冶钢副业。	
眼里只有猩红女巫。	
从电影院出来，看路上的每一个人，觉得他们下一秒就会变成流沙，就是这种怅然若失的挫败感。	
bug多，套路老。我还想问一句。为什么奇异博士不谈判了？为什么卡魔拉一摔就死了？为什么不砍灭霸手？灵魂宝石，心灵宝石从头到尾有什么用处？最厉害的随从为什么领便当？为什么全宇宙都是空气？	
美队戏份太少，锤哥帅到惊人！	
告别，是唯一的办法。刚刚还喊着卧槽，影片结束，字幕一出，影院突然很安静，只听到一个女生轻轻的抽泣声…	
为了能静静地看日出，不堪其扰的泰坦人灭霸只好先花点时间把游客都赶走。	
1. 路不平大家铲，理不平复联管。2.爱你爱到杀死你。 3.期末小组作业遇到坑爹队友。4.热烈庆贺本人观影史上第一个（算是）成功了的反派诞生。Ps：时隔多年再次看到玄冥二老竟是友情客串大魔王小弟，真是百感交集。	
视听场面上无甚创新，甚至趋于平庸，故事走向也没有打破观众的心理预期与情感预设，但是，罗素兄弟还是将灭霸塑造成了漫威电影宇宙迄今为止最为复杂的角色，挣脱了向流行文化市场批量生产输送Pop偶像的桎梏，并以此取得了十年来最为深刻的一次沉淀，因此对未来和复联4，我还是期待的。	
严重超出了我对这一部的期待，某个情感高潮竟然来自反派，某个主角映后大概率会被各种开会，看完难过程度让我想起小时候追圣斗士冥王篇，看着一个个黄金圣斗士死去的时候……	
灭霸是个老实人。也最终实现了自己的梦想。	
《统鹫呗盟3：o限之稹纷畲蟮牧荩是它始K是一部故事影，影需要有重心，管rg分配已接近完美，但δ俏弧钢鹘恰碚f，篇幅永h不颍重心依然@得uu欲；而最大的荩t是它像你最鄣牧餍幸犯枋郑K於出了承Z歌迷的十年音飞涯精x。o如何，你就是]法不喜g@］。	
“宇宙有限，资源有限，人口爆炸会导致资源枯竭生态恶化。我要控制人口，打下来，流下来，就是不能生下来。” 	
	
灭霸就像一个《三体》书迷?计生办主任的复合体。	
星爵你是猪吗，气死我了	
原本以为自己不会再为漫威的大坑血脉喷张，可在这部作品面前还是认输了。导演太会调动观众情绪了，虽然太多梗可以说连老牙都掉光了，但每一位主角从亮相到征战，都一次次让我感到燃，感到精彩。在一个超级英雄被过度消费的今天，依然能有这样的观感，也许是对我们这十几年漫威情结最好的交代。	
我明天就飞美国和星爵办理离婚手续	
《复仇者联盟3：我爱的男人都死了》	
昏昏欲睡的前半场，后半场则仿佛嗅到了钦定的感觉，下一部大概率叫《复活者联盟》。	
大部分时间依旧是冗长无味的粗暴打斗，光环加身的超英们即使被虐千百遍，依然能续写神话，不过以虚无对抗虚无的结尾多少提升了立意，也暗示并非绝对二元对立的初衷；较前作有进步，各线铺排匀当，众多角色的存在也不再只是露脸，各自承受命运考验，在群戏中各有功能担当。	
为了衬托灭霸，各位英雄的智商和实力都出现断崖式下降↓	
刚从电影院回来，叹为观止。节奏很快，场面恢宏，场景包括了宇宙中的很多国家。这部电影在我心目中的地位就如同上个世纪的star wars. 可惜豆瓣只有5星可以表达我的喜爱与对导演编剧的智慧的尊敬。漫威到底可以给我们展现多少惊喜，智慧与想象力，下一部见，英雄们??????	
75分。没有肆意狂轰滥炸，印象最深的台词是“你不会知道我今天经历了什么。可是我们没有时间悲伤。”《灭霸：丢了你，赢了全复联又如何》，《灭霸：没了你，毁了全世界又何妨》。然而神秘博士已经看透了一切，并剧透了下一集唯一战胜灭霸的可能就是史塔克。	
是一种，你看着人家十年来一步一步执行一个项目，几乎没出过大差错的服气。大工业。	
绝大部分人物能让人留下印象的，只有最后一刻的死亡	
为啥要费那老鼻子劲脱手套？砍了他不行吗？急死人了。	
眼泪都收回去了，最后一直在默念fuck fuck fuck。等复联4结束后再给分吧。这套路，估计是最后一部里是要牺牲活着的初代Avengers来换回变灰的所有人……	
宏大的布局，充实的叙事――几乎想象不到，有一天电影可以在140分钟里写出二十个以上主要人物参与的故事，为此，十年里的每一部单片，都做了必要的铺垫。――简直是工业史上一个成功到近乎伟大的构思，加上最顶尖的视听特效，这是一次商业电影的狂欢，和胜利。	
电影拍成这样就不是电影了，是嘉年华，是联欢晚会，是花车游行，是马戏团，总之除了剧情外一切都那么美好！	
也不能说不好看，又一部合格的爆米花片。但这种大拼盘真的很难在人性刻画出彩，使得正义的朋友们形象空洞单薄，仿佛一群乌合之众，倒是反派有自己坚持的信念，相对比较丰满。结局内心毫无波澜，准备的纸巾也没有用上。	
纵使不舍，总归要说再见，十年的陪伴匆匆而过，有人走有人留。当尘归尘土归土，一个宇宙的湮灭何尝不是另一个宇宙的重生，于是生与死便不再可怕，因为知道总有一个宇宙有人在守候，谨献给那些逝去的英雄，亦献给那些还在战斗的英雄，谢谢你们的陪伴！	
2015.5.12留爪，17年再会哈	
	
	
看的都是情怀，一眨眼，三年过去了。（艺都大剧院）	
当转折失当、容量过度成为英雄人物庞杂集结后不可避免的缺点，复联3却连基本的责任都没做到。剧作的展开几乎是概念式的，看似紧凑，实际上一直在赶，场景之间的维系“迟滞感”很重。每段营造的“悲情”都怒吼着“我就是设计出来挖坑的，请看下部复活”。而所谓的史上最佳反派更是无趣，共情点强行扭。	
感觉就像喝了十年的稀粥偶尔掺碗饭的饭店终于来了碗中规中矩的白米饭，然后被一堆人夸好像吃了八宝饭的感觉。讳莫如深的什么彩蛋和剧透掩盖的是羸弱无力的故事和人物，诺兰有怕过你知道小丑.贝恩.双面人是活着还是死了么？况且这集随随便便死的一半人下集肯定活	
灭霸真是的，多打一个响指，就好了	
虽然是爆米花圈钱大片，可结尾那么长的字幕，可见汇聚了多少细分行业多少人才，技术达到极致就是艺术啊。	
一个紫心番薯??集齐六色珠的WTF故事...应该搞个金木水火土五色更接地气啊	
米老鼠收购20世纪狐狸后，致敬《异形》也就顺理成章了。南无阿弥陀佛，大慈大悲观世音灭霸，虽滥杀无辜半载，实则救生灵于涂炭，留绿水青山于后人，毕竟绿水青山就是金山银山，此乃圣贤也~~~	
内心毫无波澜。反正会复活，不然漫威宇宙怎么继续圈钱。笑点是有点，但是真的不好看。局面越打越大，打动人心的程度却不如钢铁侠1，美国队长1那时单纯的惩恶扬善、自我救赎。对所谓的劲爆场面，我的感觉就是看了无数场群殴。消灭半个宇宙是打算干嘛？是单双号限行给你的灵感吗？干脆全消灭了干净啊。	
漫威的电影早已舍弃了剧情，看的就是特效和打斗，罗素兄弟将自己写实的动作戏和场面调度发挥到了极致，全程高能没尿点。相比复联1的全主角群戏，这部灭霸才是男主。其他演员基本都是常规操作，只有乔什・布洛林真的是用演技在那张紫薯脸上诠释灭霸！二刷完我现在只关心他下部的命运，求轻虐…	
便当看得我心巨累，便当不要钱吗导演，能不能不要到彩蛋还在发继续啊啊啊啊啊啊	
拍的真垃圾。结尾什么鬼 没看懂什么意思. Worst marvel movie ever. Time-wasted piece of shit	
看完后波澜不惊。没多失望也没多满意。快感时不时有点，更多时候只有旁观之感。没指望它能把角色都塑造立体，其他部分也就不过不失。包括灭霸本身，是比过往的反派更生动些，但也止步于此。亲情戏成为唯一的新维度，动机和策略却仍是刻板的直线条。影片前段令人兴奋，越往后越疲软，最终浪费了情感高潮	
非常感动，人类电影工业的最高水平，看完想去投身电影行业的冲动。	
剧情出乎意料的不错，当然特效也是一如既往的给力，四星。	
刚从电影院出来，不一样的英雄，有感情的灭霸，大结局一些人消失的时候，忍不住哭了??。下一部，等你来，英雄不再见	
Emotional terrorism. 结尾大战男女分开，编剧体育老师. Thanos也信Malthus...有了对比Age of Ultron的剧本瞬间完整. okoye和stark两个眼神是全片唯二笑点. scarlet witch的毛子口音没了 可能和机器人谈恋爱就是为了练口语吧…	
看完毫不犹豫的5星，太赞了，特效炫酷，致我心中永远的英雄！	
特效很酷炫，剧情反套路，抛了很多梗。	
垃圾漫威 毁我青春	
艹他大爷的漫威！滚犊子吧。我没看，但我就是想打一星。现在想想，难怪CE连洛杉矶首映都没去呢，一共就他妈6分钟的戏，谁在乎这鸟片啊。	
这个故事告诉我们，掌握世界甚至宇宙的，永远都是那种迎曙光晨勃、看夕阳落泪、爱收干闺女、说到做到的老派男人。	
很久没见过外星怪兽无脑冲锋了，很怀念。其实打灭霸鹰眼和死侍就够了，一个不死之身一个自动回避所有flag，看旺达的表现凤凰女单挑灭霸估计也没压力，吹飞是最无用的技能。漫威两个压箱底的绝招：串门和拆CP，内战就是拆CP，这次更是一口气拆了所有的CP，靠把这些CP正过来漫威就还能再续十年。	
结束出影院戴上耳机听歌，手机突然放到安安的《Hero》...“I'll be your hero...”我竟然一个爆哭讲真的。面对喜欢的演员在漫威总是一件玄学的事，一方面希望赶紧抽身，不要浪费艺术生涯看多样化的角色；一方面真来了又会难过...【庆祝自己16天成功断网yoyoyo...！等Brie Larson小姐驾到！	
我死硬地说，复联3仍然没有超过黑暗骑士。但。。。也没差多少了。。。刀片概念股将大涨，届时漫威熔个铁王座吧！	
浩克真是个实在汉子啊！	
特效打Y都非常刺激好看啊！一如既往的有水 很精彩 期待下一集	
大boss是个无惧背负骂名的实干派	
有点小小的难过，从头压制到尾。结局是邪恶战胜了正义，但是看到灭霸在独自一人看落日的时候，突然觉得他得到了一切，却又失去了很多，幸亏他还能看见落日	
爽炸，仅次于《美队3》的漫威电影，编剧逆天，导演开挂，从头到尾都是高潮，尖叫连连，《权力的游戏》，你怕了吗？	
"字幕开始滚动后，第一排有人大喊""I want my money back""，最后一排有人迫不及待地开始飞叶子，满厅飘香。Me? I am just very confused."	
节奏快，英雄多，看得真是非常过瘾了。这集反派特别给力，看着我们的英雄们被各种按在地上摩擦真的好心疼，期待下一集。	
复仇者联盟4：轮回天生	
莫名觉得灭霸很可爱，看到最后想和他一起看日出。	
分好高，可是结局真的令人失望，仓促凌乱，是导演敷衍还是功力下降？	
一场从一千四百万零六百零五种可能性里寻求唯一解的游戏。紧凑到完全没有反应时间，可以挂着泪珠哈哈大笑，这时候无比感激那些嘴炮宝宝逗比宝宝抚平内心伤痕。情绪给人酝酿最久的是等彩蛋那一会儿了吧。给国内同胞和这十年一剑最大的尊重是毫不剧透。	
看完懵了，现在都没缓过来。	
就像是一锅大杂烩，但完成度颇高，插科打诨和大场面还是之前漫威的老路子，当然这一部确实很悲壮。娱乐性极高的爆米花电影，现场出来，发现看哭了不少姑娘，何必呢？奇异博士前后反差有伏笔，当然还有最后留下来的那些人，其实也有门路在里面。星爵顺风浪一波，神坑队友，绿巨人这部真的是怂。3.7	
全程我只希望灭霸赶紧集齐宝石打个响指把电影院聊逼天儿的傻逼们都灰飞了！	
3.5。1.不灭不霸，是宿命，是羁绊，是即便众叛亲离也要拿到玩具的执念；这种超脱野心的天真，造就了灭霸这个角色的成功。2.漫威绞尽脑汁反套路的努力：本以为会死的没死，不相信会死的死了。3.不管会否逆转未来，至少我愿意勇敢面对，英雄也可能死得轻于鸿毛；造了十年不死传奇，终于残酷一把，挺好。	
其实灭霸是环保局的终极左翼分子吧？除了Loki死了真的觉得很可惜之外，我觉得剩下那些消逝的人，存活的人只，战斗力被大大削弱的人还是等第四部见分晓吧，毕竟“爱奇艺”博士说这是only way，但最可怜背锅侠只能送给搅屎棍星爵了～ps始终闹不明白这波死到底是随机还是有一定概率问题	
喜欢灭霸：大块头，结实的肌肉，不花哨的打扮，简朴而精确的出拳，从不躲闪坚持正面刚的战斗风格，坚毅的眼神，远大的梦想，毫不说废话的行动风格，脚踏实地完成目标的人生哲学。	
我喜欢阿灭	
求出灭霸系列	
前半场悲剧氛围渲染到位，我就把它当美少女战士的最后一集看了。正当猜测到底哪位才是根正苗红的公主水兵月的时候，下半场不知不觉就结束了……赌五毛钱下一集会逆转未来，大家就当这一部什么都没发生过好了。#响指	
辛辛苦苦搞十年，一夜回到解放前。	
在知乎和贴吧看了会儿漫威讨论，发现能打灭霸的各路神仙竟有一大堆。什么地球神级，宇宙级，多元宇宙级！超大宇宙级！全能宇宙级！很多角色的能力比我小时候觉得最夸张的七龙珠还要夸张一亿倍。男孩子基本上不讨论爱恨情仇，只讨论谁比谁厉害。漫威大概称得上“男孩子终极豪华套餐”了。	
星爵，很气	
……我永远喜欢托尼・史塔克。	
漫威不要脸，到底谁死了，谁没死，谁真死，谁假死，把话说清楚再走！	
一个马尔萨斯学派的super villain。	
年度绝望电影。	
反对计划生育。	
不充会员你们就想打过已开通蓝、紫、绿、黄、红、橙钻的人民币玩家？	
全程观感：在吃重庆老火锅 突然往里下了一盘酸菜馅饺子 刚吃了几口又往里加了山东煎饼卷大葱 一碗米饭 一份拍黄瓜 一份干锅鸭头 然后喊服务员来加汤 直接一盒汇源果汁倒锅里了	
本来“一个响指抹一半”只是无限宝石力量的冰山一角、不足为奇，却改成“集齐六颗才能打响指”、“集齐六颗只为响指”，真是笑话，也不知道mind stone和抹除生命有什么必然关系？	
另，以为多死几个人就是史诗了？贱过浑过现在想正经了，怎么让人正经得起来？观众凭什么要在乎这些无心角色的死活？	
没办法，队长出现刹那还是泪了一下……兜转那么多年过去，才发觉自己最爱的始终是三巨头――如今看来，一切也确实要由他们仨来结束了。	
最后大反派到的异度空间我一瞬间以为是天庭并且接见他的是太上老君。	
就不需要看漫画了解灭霸的成长经历，他从哪来他经历了什么他怎可能真爱卡魔拉……只要在内地深度活过这几年，都会很自然地理解：我有深爱的人，同时也愿意与那些混蛋同归于尽。	
灭霸这个想法感觉也不是不可以理解……	
谁能横刀立马，唯有灭霸将军。灭霸戏很足，一改往年漫威反派弱鸡戏码。有亲情，有身世，二十几位超英沦为手下败将。谈笑间，半个宇宙，响指灰飞烟灭。多个CP被虐散，惨惨惨。罗素兄弟导演调度强，多线叙事却不乱，梗一个接一个，超英时间虽有限，每人戏份却出彩。凭谁问，灭霸老矣，尚能打否？	
本质上灭霸也没错，走的还是可持续发展的道路。最后就是灭霸幸福的看日出日落？	
灭霸，一个自律且牛逼的男人★★★★	
没有给观众一刻缓冲时间，故事就在突然的绝望中戛然而止。这是我看过的所有影视作品中最强大的反派BOSS，而且有着信念和理智，冷静追求着他的追求。漫威世界里，不论超级英雄还是反派，都体现着人的一面，也许他们强大如神，但悲伤和苦痛，与我们一样。5星以上，我爱Avengers每个人，期待明年	
Where? Who? Why?! Take that! 请听下回分解。 人太多太杂了？合同要到期了？那大家先散了吧。Let’s not pretend that there’s any real stakes in the MCU.	
漫威清楚瞎编凑英雄乱打，骂一万只草泥马，却不能枪毙丫的，就拍欺世盗名伪神作！比《黑豹》差一万《蝙蝠侠大战超人》灭霸人口灭绝理论弱智脱离现实，雷神炸不死漂流被愣救？卡魔拉养女？给雷神眼珠就按上？纳米技术蜘蛛侠就背上长银钩？恢弘群P血战，山寨克赛时间复活秒杀幻灭，宇宙无敌为独看夕阳？	
星爵死了差评，星爵人设崩了差评，星爵胖了差评	
多久没碰到一部让全场观众忍耐十分钟片尾等十几秒彩蛋的电影了！	
一部极高风险的作品但显然只拍了一半，如此多角色的多线程安排令剪辑几乎崩溃了，但漫威这么多年的铺垫可以说还是获得了回报，只是革命尚未完成，但无疑能确定的是，漫威的成功在于全面的角色定位，而这次灭霸是绝对的全场最佳，恐惧感和力量感都非常好。	
要什么逻辑，有情怀就好了啊！不要问下次人口又生到这么多该怎么办！不要问为什么奇异博士就是不用时间倒流！不要问雷神关键时刻去哪里了！不要问雷神最最关键的时候为什么不砍头！	
灭霸的皱纹为什么是竖着长的…………我感觉我看漫威的时候才能恢复一点原来的我。就是那种英雄气短，感受和爱人生离死别时的痛苦与浪漫，活在武侠小说里的感觉。所以我想娶黑寡妇，红女巫，小辣椒。太难取舍了。	
经过十年不懈努力，漫威对商业片的理解终于达到了张艺谋的水平。	
有着许多小情节和多部前作铺垫下的惊喜，可大体仍是一次预期内的阶段性总结。肤浅的笑料频频打断情绪，基本成了当今迪宝漫威出品的一贯作风，诚然灭霸在这里是被当作核心主角来处理，也比往届一部死的反派成功的多，但英雄这边，至终都缺少一两位核心，美队纯粹打手示人。（幻视女巫还是赚足眼泪的。）	
漫威迷不容错过，普通人看个热闹+特效，票价还算值。	
好生气哦好绝望啊但是我还是要给五星啊。控制不住我寄几。（美队不梳油头我get了他的帅点。	
近年来，漫威作品一直保持着很高的水准。这部电影已经把战场扩大到了整个星际，仍然是我们熟悉的英雄们，不过添加了很多新的人物。智慧，流畅的故事线，惊人的视觉特效，很多的超级英雄，绝对值得票价和时间。	
小蜘蛛????????别走啊小蜘蛛	
在一个可随意复活的世界里，死亡是可疑的――真的死了吗，也因此，悲剧意味大打折扣，在演员片酬、合约到期、审美疲劳等左右生死的因素里，剧情并不是第一位。莎士比亚式的台词，过家家式的游戏化情节，挺违和。英雄集结，也是风格集结，难免乱炖、互斥。票房成功，不是该片的胜利，是漫威运营的胜利。	
一个前同事很期待呢，还说要把剧透的任何人拉黑，公主脾气，恶心，直接一星。	
当你觉得漫威越来越无聊越来越同质化，把复仇者联盟当作春晚看热闹时，这部阶段性的句号竟然拍出了感叹号的水准，比想象中好太多了，而且对于灭霸的角色塑造很有深度，第一次看到绝对中立阵营的反派。	
有剧透#计生办局长灭霸莫名其妙杀了半宇宙人之后无所事事地看日出真是醉了。除了黑豹这个渣渣几乎每个主要英雄都在和灭霸交手中露了两手帅爆了。然而没齐宝石的情况下都被碾压成这样并且死了一半【死剩的都是一代英雄】坑挖那么大下一场怎么填！最后 星爵不拖出去枪毙二十分钟真对不起各位了。	
感觉就像看了一台小品精选………从摄影到剪辑，割裂感非常严重。真正喜欢的只有星爵吃醋+爱丁堡落难鸳鸯两段	
好看是很好看但感情上无法接受啊这接下来怎么演我喜欢的都。。。想寄刀片给编剧！	
我的瓦坎达！！！！我的国王陛下！！！！啊啊啊啊啊啊，死紫薯精！！！话说灭霸从头到尾就无敌啊！！！从头到尾！！！还打个什么劲？！	
看的时候我脑子里只有四个字：巨星光环，每个角色/IP都是巨星，每个演员都是巨星，当然最强巨星是漫威，只有漫威这样的厂牌能用十年时间将宇宙概念推向全球观众。这一集再不用像前两集那样冗长地铺垫，分分钟都是爆点。这一次反派成为“主角”，英雄集体陷入空前绝望境地。这次奇异博士好圈粉，超爱	
罗素兄弟优缺点都比较明显了：他能设计出非常出色的动作场面，花样层出不穷，然而叙事真不是他的强项，想要顾及情感和氛围的处理、多花笔墨营造史诗悲壮感更是难上加难。简单的故事交他手上能把电影优点最大化（美队2）。而过于复杂的故事让他的缺点暴露的十分明显，优点随之被掩盖下去（复联3）。	
节奏和分寸感把握得非常好，路人粉很满足。不过还是想问：希芙还会出现吗？瓦尔基里逃走了没？勇度的继承人克拉格林去哪了？	
有内心戏的灭霸	
在我心中可与美队2并列漫威史上最佳，超级英雄电影最强结尾，毕其功于一役的感觉。制作不用说，瓦坎达人魔大战和众英雄轮战灭霸都拍得极有气势，而且这么多的人物被有机融合到一个故事里，复联和银护两条线也有很好的互动，编剧很出色。打五星更多的还是为了这个结尾，太酷了，虽然散场时听到不少骂声	
某人说过，知道什么时候结束比知道什么时候开始更重要。漫威饼子摊得再大，也记得有始有终，不服不行。看着最后站成一排的那些已经打不动的人，真心泪目，下部大结局拯救世界的重任又将回到初代复仇者的身上，也真是初心不负了??虫铁大旗抗起！以及，尼尼被捅的时候我真的感觉明年就要从MCU毕业	
从某种意义上讲，作为剧集型电影的漫威系列也有着典型公共网剧集的特质：以角色为中心，故事起辅助作用；所以这部酝酿了十年打造的第三季大结局上篇有着极为杂乱的多线叙事和毫无铺垫的情绪调动，但其最大的成就就是贡献了漫威影业历史上首个真正具有深度的反派。	
Ok. It’s a good movie. But i am totally pissed.	
比2好看，虽然很虐…绯红女巫和奇异博士一如既往地帅炸天，最重要的，这次开挂的终于不是正派boss了！	
作为看过权游的人，对所谓主角的死表示非常淡定并抛出一个神秘的微笑	
一张票看三部电影，《拯救大兵幻视》、《龙宫借宝》和《六龙珠》，很合算。最后在经济大萧条下，散户都被割韭菜了，只有持原始股的股东和国家公务员留下来了。	
为了不剧透，我连分都不打，这就是操守	
【YVR-5th】很娱乐，但是很多地方真的插科打诨搪塞逻辑了过去，那么多部电影铺垫出了人物性格却忽略了故事承接，是精明还是投机取巧？肯定说不上epic，但的确粉丝饕餮了。别想太多，笑一笑，结尾骂爹骂导演就很好了～	
Russo brothers，you motherfu……【视觉想象有多贫瘠，群戏有多弱，话题制造的有多刻意，十年积累下来的角色们为了这种烂剧设而ooc，不懂你们有什么好哭的，一星给我爱的演员们，一星给最后的Carol	
@HK Yoho IMAX 观影过程中迸发多次掌声、欢呼和爆笑，堪称漫威嘴遁集大成之作；不过最后你会发现：Every laughter has a price－结尾五分钟是观看MCU电影以来最迷惘、最悲戚、最无助的时刻了..只能说，快让Part 2的一千四百万之一来洗刷这阴霾吧	
灭霸原来是计生办的！电影视觉效果一流。但组合的超级英雄太多节奏过于冗长，看到一半就审美疲劳了。每个无限宝石都是同样的性命要挟套路，编剧黔驴技穷了？在后期悲壮的气氛里强加搞笑台词，就像瓦坎达与外星人搞人海战术一样荒唐幼稚，不伦不类。漫威日常骗粉，很难相信有谁死透。坐等复活者联盟4	
颁给灭霸同志计划生育先进个人称号	
玩了个大的，灭霸非常牛逼非常忧伤，但这么多戏份也没能把人物动机说清楚，计生委灭主任的使命感逻辑上太说不通了。英雄方面人物太多太散的问题是结构性的，反而解决的不错，要他还是要宝石这个梗玩了四次但都有效果，叙事上的勾连让人物关系有推进。最后的结局知道会圆回来，但还是怅然若失。	
灭霸居然就成功了，唉……不合理啊，其他领便当的先不说，小蜘蛛还有独立电影呢，就这么挂了……10:40大场坐满了一半，真是太火爆了，保利挺良心的，放完彩蛋才开灯	
观影愉快，但无法接受，不是角色便当，是灭霸价值观的结局。解锁好多新cp，神兽啊科技x魔法x斗篷啊绿水仙啊，cp吃得很开心。但是真的没有办法接受结局，完全反人类的价值观居然大团圆了？情愿全员壮烈的死去，也不要在这种结局里痛苦活着，不是活着，只能叫生存。锤哥是所有角色里塑造得最好的。	
明明全片星光熠熠我却因为异形梗和低俗小说梗而嗨应该是极少数了吧哈哈哈哈。罗素兄弟这一次的笑话基本上都集中在meet each other里面、还不错，主战力战场那边被各种连携技秀一脸，真是赏心悦目。比较傻的是最终存活结果一出来，这局棋后半程该怎么下基本上清楚了。摊手。	
宁添十座坟不加一个人的计生工作做得好啊，三分全给大反派圆梦的结局。作为一个非漫威宇宙人，不预习不复习没基础没情感，于是里面每张脸都认识，却又搞不清谁和谁的恩怨友谊。	
怒的计生委主任。	
4.5。卡魔拉之死赚足眼泪。几场大战看得眼花缭乱，求漫威做个人……	
星爵发现在灭霸强大的实力面前，自己的努力全都是泡沫，只一刹的花火。	
本片旨在告诉你如何开通QQ紫蓝红黄绿各种钻的方法。	
这是漫威最好的时代，十周年之际将旗下二次元英雄们互相交织着十几部电影的融汇成这样一个超级英雄奥斯卡晚会。这又是漫威最糟糕的时代，为了影像真人化与演员魅力组合成人设光环，几乎透支了很大部分的梗，从此人间再无超级英雄传说，只有漫威天团群像。大陆首个周末接近6亿，30亿保底。	
美国队长出场的时候，旁边上海小青年惊呼：这是谁？？另一个上海小青年回答：金！刚！狼！我笑出声。这帮人像鸡条一样坐一起聊天打牌多好，刘禅老师说了：打打杀杀，真没意思。180511，浙江电影院。	
漫威十年培养出观众对角色的依恋，加上罗素兄弟多线叙事的优异掌控，终于让这个系列重回正轨。灭霸作为叙事中心，文戏几乎全部落在他身上，解决了妇联2英雄过多没有重点的问题。小队分组，不同动机推动，以及宏大战争，整体观感仿佛是一部新时代的指环王。	
“灭霸是一个有情怀的无产主义者，不惜牺牲此生最爱来整治这个混乱拥挤不堪的宇宙，整治完了也不是要搞什么奴隶制自己当皇帝什么的，而是隐居深山老林看着夕阳感叹人生无常，说不定有空再种种菜养养鸡什么的。以随机的方式减去一半的人口也体现了其公平性和创新性，简直是boss里面不可多得的楷模”	
Sloppy writing... 没敢把最贵的几个演员砍掉？	
这部片子告诉我们：没有党的领导，群众终将一无所成，即使超级英雄们也不例外，因为他们纷纷将亲情等私欲置于信仰和党性之上。我推测复联4的剧情为灭霸在完成世界大同的目标后弃暗投明，被吸收进党组织，成为光荣的一员共产主义钢铁战士兼任全宇宙计划生育委员会名誉主席。	
《灭霸传》这部电影致力于拆除违章CP一百年不动摇。希望CP被害的漫威粉们能记住这一刻的感受，这样你们多少也能体会一个星战粉看完星战8之后的心情了~-Дуг-	
主要人物太多，剧情太乱。如果是电视剧，冬休前最后一集这样无可厚非，作为电影就掉分了。剧情的各种神展开，只要想想这是漫画，一切都可以解释，毕竟全员XXX在少年漫画里很常见，接下来哪怕看过七龙珠的人也知道怎么发展。	
结束时影厅里静默得像一场追悼会，10分钟片尾字幕没一人说话。	
哇 全明星阵容 组成了 一个智障联盟 不是几万亿生命吗？？？怎么每个人都这么不坚守自己的原则 这是一部 计划生育教育宣传片吧	
沉浸在托尔的帅颜中无法自拔！史上最好看！期待下一部！	
能让我熬大夜的，就你了。真是给十年粉的云霄飞车，全程按捺不住的激动与揪心。一次亮相，一个招式，都有掌声与欢呼，一回暴虐，一遭折损，都有叹息或饮泣，也挺奇妙的。最爱的，还是桃总和冬兵，其次是锤哥寡姐红女巫。一切因情而动，也别说猪队友了。能走进漫威世界，真好。躲过所有剧透，幸运。	
81/100 罗素兄弟在动作设计和场面调度上的优点被保留，仍然有看武侠电影的快感。视效上虽非长项，但重金砸下来也至少是顶级水准了。150分钟的时长保证了所有人都有发挥，平行剪辑、螺旋式推进的剧情也是最合理的选择。如果是粉丝，燃点也非常之多，只是漫威式的嘴炮在某些情节里塞的略多。	
半只没脱下的拳套惹出的祸	
出影厅时午夜下半场的人们在进场，一脸霜打茄子的人群丧尸般目不斜视的缓缓经过还不知道要面对什么的活人，忽然其中一个认识的人满怀期待的拉住我问：“怎么样？”尚未回神中我仍然保持不剧透的信念气若游丝的说：“没事……”	
看到睡着，太难看了qwq	
对这种一群超级英雄大乱炖式电影始终喜欢不起来，这部也不例外。电影里的英雄，团队作战很正常，但一定要有一个最核心人物足够孤胆才好看。大概也是因为这个原因，使得大反派灭霸反而更像是这部复联3里的英雄。	
虽然已经猜到了结局，但没想到还真敢这样拍，真的很大胆。	
钢铁侠他们摘手套那段很精彩，不过我一直没想通的是，都打到这份儿上了，为啥不直接剁手...	
游戏迷关键时刻还是起作用的。	
漫改电影也要做史诗故事了？真是诲人不倦。	
零分滚蛋	
？？？？？逼我看续集	
特效太好了，打斗的部分太刺激了。一如既往的水准，期待下一部。	
好悲壮的结局。但那个卡魔拉的男朋友就不能让大伙把大反派的手套摘下再去揍么？直接把一个英雄主义的传奇神话扭转成了一个流氓无产者的胜利。最悲情的一部漫威了	
票房火爆到只有工作日24:30场最后一排角落座	 首尔这个世界最大imax厅好灵哦 后悔去年没打飞的来这儿看激光诺兰 大部分走神时间都在脑内回顾敦刻尔克剧情
漫威粉的狂欢，特效酷炫，结尾套路，坐等复联4怎么圆回来。	
听我说三遍，保罗贝坦尼全宇宙最帅病弱男，保罗贝坦尼全宇宙最帅病弱男，走在世界上最好的苏格兰土地上的保罗贝坦尼全宇宙最帅病弱男	
试求解灭霸消灭半数生命的随机过程/滑稽	
新出来很多角色，比如树孩子，小浣熊……. 节奏真的很快，英雄很多，你必须全神贯注。	
坏人很有深度也很让人同情。钢铁侠作为蜘蛛侠的导师，很有爱。场面之恢弘，让人叹为观止。	
英雄们变身释出技能很爽，但是灭霸的责任心让人印象深刻。	
比预计好太多，把一群C位大咖塞到一个电影里却没有拍乱，多线叙事有条不紊，真是非常难得！笑点和梗非常密集，居然戳到了已经对漫威审美疲劳的我。没想到全片最喜欢的是锤基兄弟俩，一句Loki Odinson差点儿煽哭我…灭霸是个少见的有深度的反派，很惊喜！	
其实我跟热评那位兄弟的想法不一样，漫威总算找到了一种让局长说出MotherFucker又不至于搞乱分级的方法。	
太！精！彩！了！比起DC，Marvel的电影真的是诚意之作。全程无尿点，憋死我了。爱美队，爱Loki，爱寡姐。	
这是第一次注意到反派灭霸的内心，他每说一句“daughter”，心就会软一次	
我竟然看哭了	
灭霸的响指也太????了吧	
不是漫威的粉，没看过之前的复联系列，看完很后悔！！因为摆明了还要看下一集啊！！妈蛋！即便知道是套路，几个超级英雄挂掉的时候还是很悲伤，最爱小树和被叫小兔子的船长。哈哈??动不动就全宇宙的命运，其实挺中二的，但还好。	
《复仇者联盟记・灭霸本纪》	
名字像洁厕灵的反派不算什么，最终的大敌：合约。	
星爵我操你妈……	
我是灭霸，我的手套在过海关的时候被扣押了，现在只要给我打99元，等我从海关赎回手套。打响指的时候保你一家平安。	
我迷上灭霸了??，银河护卫队团灭了，还有下部吗？	
我先打了五星，又打了一星，又改成五星，再打成一星，最后打了四星.........可以给导演寄刀片么？	
3.5左右吧。核桃仁、杏仁、花生仁、瓜子仁、芝麻仁各自都挺好的，合成一个五仁月饼，可能有些人爱吃，但我不大好这口。某人：灭霸是要随机抹掉地球一半人口还是全宇宙？我：好像是全宇宙吧。某人：那他不怕自己也被随机抹掉了吗。我：... ...	
再等几年又如何呢？演多久我就追多久。悲壮也好看！	
我真的快被气吐血了！！	
你可知道你的名字解释了我的一生，碎了满天的往事如烟与世无争	
一部老式翻盖手机，一直随身携带，一直保持有电状态，这不是爱是什么？	
雷神手里的这特么不是利维坦之斧么！	
看完觉得男票像灭霸不想理他了	
戛纳第0场。法语配音场，听着英雄们操着法语斗嘴很容易出戏，但也算是一次很难忘的观影体验。三条线索涉及几十个英雄，想讲的不乱且有条理不容易，兄弟二人算是基本完成了把故事讲明白的任务，不过对于灭霸行为动机上的交代还是不够充足，最大的意义是把这部当作英雄们的涅舞台，这种幻灭感蛮好。	
2018年已看072。不合平仄念奴娇：响指声尽，纷飞处，半数英雄人物。瓦坎达边，人道是，黑豹冬兵茔冢。泰坦残垣，丝断印破，银护无觅处。彩虹难续，锤基从此诀别。	
遥想纽约遭袭，盾铁联手了，雷神英发。巴顿黑寡，浩克怒，强敌灰飞烟灭。片尾神游，多情应笑我，方生泪点。十年结梦，亦当再等来年。	
灭霸集齐六颗石头，响指一挥，消失了一大半人，也消失了好多超级英雄，还有我喜欢的小蜘蛛，结局突然就很感伤了。最后等了十几分钟的字幕，才只有几十秒的彩蛋我也是醉醉的了	
看的粤语字幕，翻译太有才了笑死。妇联最好看的一部，娴熟的多线并行让节奏紧凑，银河话唠队和小蜘蛛有―那―么―可―爱包揽了笑点舒缓情绪。钢铁侠塑造有血有肉，荷兰表现超好，最后一幕会成为最感人经典一幕。情节上依然有槽点，但整体精彩。即使是爆米花，也是一个真实凝聚了心血去打造的世界了。	
下一部如果不是《复仇者联盟4:无限复活》，真的，火烧漫威总部！	
引用全片最后一句话作为评价：Motherfu……【20倍的机场大战哈哈哈哈！【编剧的智力上限决定了角色的智力【Bug和槽点不计其数【真是浪费演员和特效，啊特效是真好	
悲怆有之，欢乐有之。	
离别有之，聚首有之。	
凡人皆是英雄，这山高路长，醒时交欢，醉后分散，永结无情游。	
绨裕和HISHE小赢e的差不多。	
？？？？？	
激动。不知不觉漫威世界已经走过十年，回想看每一部漫威电影的经历，发觉漫威宇宙系列竟是贯穿了我的整个青春年少。这部妇联3可以说拍的很好了，每个人的行动都可以说很符合剧情，不过为了悲剧结局，必须有一个人来背黑锅――a piece of shit 星爵。最后灭霸获得了生命的大和谐。	
奇异博士碎了银护夫妇背大锅…妈耶我好气啊啊啊啊啊为啥树也要死他是植物！！！！	
啊啊啊，差点儿看睡着了…外国动作片还是没有国产武侠片或者枪战片刺激。根本就没《红海行动》血脉贲张。	
喜欢这种悲情的结局。灭霸一波砸盘，跌了 50%。出电影院一看，卧槽果然砸盘了！	
我投灭霸一票！！！！！！！！	
两个半小时特么的就讲了半个故事，某几条剧情线还根本没串联起来……而且凭什么第一个灰化肥会挥发的是巴基哦，吓得我zqsg了一秒。	
Hulk需要一个拥抱，我也要（哭唧唧）。以人类科技发展现状，再过一百年，马尔萨斯的理论还能用到。反漫威传统结尾，虽然看得很气，但还是要给好评。为赚下个十年钱，漫威也不容易。对这部有非常特别的感情，漫威终于有了穿越时空的史诗感诗意。特别纪念，Tom Hiddleston的Loki。	
死了好多人，怀疑应该会还回来。。对我就是想看童话故事	
人多难做戏，最大的问题是大家的智商及战斗力数值都不太稳定。服了我老伴儿，连美国队长都没认出来……一会儿一问烦死了，安静地吃爆米花不行啊回头给你买支口红嘛【喂！】不吹不黑，灭霸可以说是超英电影史上最有理想、最有道德、最有文化、最有纪律的四有新反派了……灰飞烟灭也非常温柔了【醒醒】	
电影采取了灭霸POV，整个故事走向都是反常规的，值得一个＂not bad＂。但真正导致电影失败的应该还是罗素兄弟孱弱的导演能力，群像杂乱和干瘪的笑话，对部分角色的过分不尊重也不是第一次了/摊手，倒是挺喜欢这部里人狠话不多的队长，大概因为非常的MGS吧？！	
极端环保主义者，灭霸	
辣鸡电影毁我青春	
虽然弹指间灰飞烟灭多少让我有点惊愕，但作为酝酿、铺垫了这么多年的boss战，却并不如期待的那样壮烈，甚至场面都不够宏大。情节上也未脱窠臼，新鲜感尚不及之前的《美队2》。猩红女巫和幻视似乎被削弱了，而美队的抗击打能力竟然被提升到胜过浩克。	
建议大家看4D，效果真的特别好！剧情有点磨叽，有一段要睡着了，特别喜欢的是灭霸和卡魔拉的父女情，结局不尽人意，估计为第四部做铺垫！	
一个巨大无比的坑	
会复活的会复活的会复活的，好气哦！	
讲真，我觉得灭霸悲情得不得了	
能将如此冗杂的故事线不显混乱地串联在一起，先鼓个掌。所以灭霸是主角，复联是反派，最终主角在夕阳下露出了满意微笑？(误。平心而论，爽则爽矣，厚重感欠了些许，打戏更是硬伤：尽管苏格兰的哥特风动作场面是惊喜，泰坦星上的调度也不错，但其他大部分时候不是杂乱就是平淡，分镜也始终缺乏冲击感。	
电影恢弘大气，分线作战可以满足每个角色的表演空间，部分人灰飞烟灭的结局预示着还有下集...我断断续续应该是都看过Marvel的英雄电影，看看现在屏幕上各种打怪兽、打恐龙、superhero，已有些类型同质化了。题外话，家门口plaza周四从来没有这么多人过，一部电影明显刺激经济消费，这也是电影的效应	
和我想的一丁点也不一样啊……	
完全没有被剧透情况下的观影√	
（北京万达西铁营0点粉丝专场）	
原来日本宣传都在反复告诉我们了，全灭！全灭！	
但是都死了我就感觉不会死，蜘蛛侠还有2和3呢，黑豹还有2呢……银护2是小兔子大电影么……	
（511下午立马二刷）	
雷神真的是全场MVP	
Hulk简直全宇宙最智慧生物	
下部的票房应该会创历史新高吧。毕竟电影都拍成连续剧了?????。	
四星，有一星给这十年的陪伴。锤哥，你死了活着都要跟基妹在一起啊	
我也很喜欢灭霸，佛教的最终解脱不就是灰飞烟灭吗，我觉得灭霸真是拯救了一半苍生（被消失的人）的大慈大悲真菩萨（前提是消失的人是我）	
对于超级英雄电影，看点当然来自于特效和打戏，精彩全在于势均力敌。让正反两派人物中的任何一方实力过于强大，都会让打戏变得不够过瘾，所以尽管出场人物众多，但精彩程度似乎反而不如复联1、2和美队3。	
三星不能再多。两星给“十年布局，只为一瞬”的结尾，一星给“天地不仁，以万物为刍狗”的灭霸。其余全零蛋！动作设计差到忍不了！	
看过最蠢的一部漫威，好电影看多了真接受不了愚蠢编剧的片儿	
……灭霸刻画的还挺细致……主角团（因为人实在太多）反而有一种匆匆过场的感觉	
感觉是个上集，下集还有很多故事要讲，各个英雄在不同战场作战然后归为一点，从地球到星际各个场景呈现效果都非常出色，每一场动作戏都不含糊，线索复杂但推进明确，喜剧效果也不错。	
真的是infinity war，最后感觉没打完就强行先暂停了。当初抱着初代们像Logan一样战士垂暮一个个都死在战场的想法看得，但看完突然觉得安心，一代远没到时代结束的时候，他们的责任和以前一样甚至更重，又回到了最初，但有了更强的敌人，非常期待后续了！	
《复联3》的可贵之处，不仅仅是史无前例的超级英雄大集结，也不是气壮山河的史诗级大战，而是在漫威惯例式的升级推进之余，在原本高度成熟的娱乐商业片的套路之中，加入了少有的沉重悲壮的色彩，使得故事更加动人，再加上灭霸这个漫威史上塑造得最成功的大反派，终于让漫威宇宙百尺竿头更进一步！	
就好像拿到一份华丽丽的产品目录，这个买过了，这个也买过了。（你身边一定有这样的评论音轨）。然而翻到最后会发现，目录的后一半被撕掉了。	
《复仇者联盟3：无限战争》是一部创造了英雄电影奇迹的作品，罗素兄弟在150分钟的时间里，将多达76个角色合理的填充到了剧情之中，并给予了反派灭霸充沛的人物塑造，多线叙事的齐头并进繁而不乱，忍俊不禁的幽默点缀彰显着漫威电影的鲜明特性，极为出色的叙事节奏掌控，登峰造极。	
谁能想到，终极Boss竟然是马尔萨斯的信徒。用这种前工业时代的理论拍成一部大片，显然是没有想到，人类在21世纪就陷入不婚不生的陷阱，根本不想增长人口好吧？	
为了凑满汉全席，不仅星际争霸的设定也硬要写出1v1肉搏戏，而且前期难得立起来的二线角色这次直接贬为 flat character，最后又被灭霸“随机”。十年了，雷神线终于由于其他故事线太过难看所以略微好看了一次，不过不出意外的话还是两个福尔摩斯拯救世界。	
灭霸挺有道家精神的，天之道，损有余而补不足。牺牲自己一个，顶着大奸大恶之名，成全宇宙可持续发展。	
绿水青山，才是金山银山	
很好看，很燃，值得去电影院看，组团去的好多，四星。	
只有刚刚看过复联2的人才知道复联3有多好！蜘蛛侠出来的时候就想打高分了！	
怎么讲，如果没有复仇者联盟，灭霸怎么赢呢？	
看完了有点不明白为什么当年复联一我要刷三遍【大概只是为了基妹】复联2还买了奥创的T恤【大概只是为了James spader】。。有种两个多小时的时间喂了狗的感觉，大概马上要出坑了。人。。。就是会翻篇的#基妹和小蜘蛛还是可爱的#	
三部里，最差的一部。多线索叙事，可各条线索之间太过乏味。连碰撞点都毫无吸引力。一部电影非得学暮光之城拆成上下两部。	
看完内心毫无波动，一部连观者都说服不了的电影，所有人都失去了个性，几乎每个人脸上都标着大写的OOC。无聊，无趣。 强行炮灰了不少，毁了不少。不过结局凉的都不是真凉，活下来的初代下一部才是真的凉。已经感觉到了漫威为了赶走旧的给新的让位真是无所不用其极。下部结束出坑漫威。	
复联最好看的一部，漫威电影宇宙十周年的历史性大一统，剧情流畅，情怀满满，最大的亮点倒不是那二十几位超级英雄的联盟，反倒是大反派，眼看灭霸手握QQ六钻秒杀复联，居然超爽，只可惜所谓的无限战争没预想中精彩，结局又是一个大坑，脑残粉就准备好明年排队买票填坑吧。P.S.坐等彩蛋需要耐心。	
造这么多偶像花了整整十年，一个响指就灭了一大半，编剧真的也太懒了点。。。	
纽约 AMC点映一刷	
	
二刷之后改分 知道剧情之后更注重其它	
电影院里掌声不断 我旁边女生从3分钟起就开始哭(看来也是二刷)	
总之 确实是好片 期待下一部	
就想看编剧们要怎么编	
	
三刷 看了中字首映	
脑补了三种逆转结局	
明年再验证吧	
作为执剑人，奇异博士和卡魔拉都不合格，是他们的软弱葬送了一切，都是感情用事的圣母婊，怀念奥创，只有哲学家才能够对抗哲学家，凡夫俗子不行。	
所以灭霸干了那么多蠢事，就是为了安安静静看个日出。等了十分钟彩蛋听见旁边的女生说“这不是眼镜蛇要复出了！”哈哈哈哈哈哈哈差点没笑撑死	
（８／１０）老哥请我看的片，不过整个电影院也就5人……　徐锦江=书大。福尔摩斯……们=朱武、苍。幻视=逆龙。小蜘蛛等帮上忙的=柳生剑圣。帮不上忙的=莫沧桑等人……　虽然很多人在骂某爵，但妹妹就不能把坏消息拖后一分钟说吗？还拼命说出来。人在得知坏消息时很容易暴走的……	
只有观众想不到，没有漫威干不出。	
恍惚回到小学看美少女战士第一季结局的时候，就是“你们该死了，那就创造条件让你们全部死掉吧”这种感觉。另外紫薯的逻辑真的是不能自洽的，但我十分担心有什么新千年希特勒看完这部电影就开始发愤图强，希望漫威下一部能好好把这个三观问题圆回来，不要只是又用爱发电谢谢。#忧国忧民	
就像面对打了十年的游戏，到如今是否尽兴投入多少反倒没有那么重要，并不是结果主义的我对这部饱受诟病的漫威也就不忍太过苛责，何况其中还蕴含深层哲理思考，即当无上权力真正被占有，当时间空间物质思维全都失去意义，当平衡的苹果砸中自己，所将要面对的空虚和代价，一句“夕阳无限好”便能抚平？	
主角光环与英雄们无缘，而放在了反派的头上，一改以往绝大多数电影的传统。	
不用悲伤啦，这集只是假惺惺的悲壮，下集（4）才是要通天的逆转	
比起《复联2》来还是稍微好点，但始终不及《复联1》精彩，人物太多，故事太杂，时间短了装不下，时间长了以电影来说又显得很嗦，而且这次塑造的反派最起码的脸谱化都没有，不大喜欢这种煽情方式去深度挖掘他的内心世界，非常的奇怪。动作场面还是一如既往的燃，每个人出场都挺帅的，这还值得一看。	
圈钱圈得很开心嘛	
很完整啊，不是大型预告片。一个彩蛋，要耐心坐到最后。然后默念：没事，没事。	
那……这可怎么办呢……	
美国队长之守望尘世，真不知道有啥不能剧透的。灭霸这志向，就是一个路怒症发作时候的我妈。	
服了，全宇宙最烂应该不辱这个电影的使命。	
论如何从Marvel接下来两年的拍片理性分析缓解内心的崩溃。五星哭瞎	
队长出场我竟看成了金刚狼，怪我眼拙	
等19年！（flag）	
当年和男友分手时正好妇联2上映。	
现在又和同一个男友分手了，妇联3准备上映。	
妇联算是陪过了我的青春：）已二刷，great	
所谓大集合，也仅仅只是当卖点了。走马观花的流程，还有几位莫名消失的，的确人物个数已经到了极限。反派终于不花瓶了，这家伙塑造的比主角都要好，或者说这部反派才是主角。下一部还是希望能整出点新意来，毕竟又是要用惯用的强行复活套路。	
灭霸是个哲学家…（友情提示，彩蛋自己网上搜下咋回事儿就行了，憋了10分钟尿，不值得）	
匀到每个英雄上的戏份不多，这么多人出场没有拍成建党伟业那种建宇联伟业已经很不错了。也许漫威还可以和DC合作一部建国大业。希望大家铭记世界的和平是无数革命先辈抛头颅洒热血换来的！	
终于做成超长版的美剧了，剧本还是不错，人物这么多，不过每条线都有很好的讲下去，对故事也有推动，打酱油的不多。怎么都值了！黑豹和奇异博士的场面最激动！	
满满的5星全都给你（看完了一周才发现没有评分）	
感谢没有剧透的朋友们	
做对两件事：把反派当主角，试图塑造其前史与动机；把英雄拆分以免杂乱。动作戏依然有几场设计出彩，幽默感与节奏依然不错，情节抓人，并做到了一定的平衡，但格局过大会比小格局更限制发挥。反类型设置其实在讲英雄是如何走向彻底失败的，任何细小决定都会导致战争结果不同，以及讲牺牲亲近的人这件事	
垃圾公司，我操你妈，五星拿去	
顺风浪死的典型，星爵坑死了半个宇宙生命！！！宇宙计生办主任灭霸同志永垂不朽！7.5	
校车司机Stan Lee：“你们激动个啥？以前没见过宇宙飞船还是咋地？！”	
宇宙e就]有大右派了幔绨跃褪黔h保恐怖份子呀，m然o差e攻窝b得硐袷]有N族歧J！爆米花碚f]什N可挑剔，分配蚍莸乃g挺害。如果被⊥噶司驼娴p少很多^影啡ぐ　８兄x我的友，大家都好好喔。	
幽灵的威胁精神续作，致敬纳布Windows桌面大战，空有设定，剧情节奏是什么不存在的。最后，K姓老人还不出来L3+R3一战？	
我锤真的宇宙级的帅，强加一星给我锤。全篇英雄一锅炖，话说我怎么有点支持灭霸呢，为了人口问题操碎了心，铁血也柔情？？？也许会回到过去？？？故事还没说完也不好评价，我现在就要看妇联4啊！！！	
字幕升起，彩蛋放完，整个影厅洋溢着一种想要众筹把导演打一顿的诡异静默……	
为啥不砍手可能也是我的最大疑惑	
毫无逻辑可言。。。一通乱打看的头疼。。。上次看完奥创好像就立了flag说不会再看这个系列，这次忘了，那就再立个flag，这个系列再出也不想再看了。	
太惨了...	
4.5星。灭霸：詹姆斯   篮球场上好儿郎，坦克身躯无人防，螃蟹舞步跨栏王，八进决赛五次黄。目前正朝着集齐六颗总亚军戒指前进。一番恶战之后尘归尘土归土，被打散的人儿就此消失于东部，而五黄最终像金刚一样的坐在山顶，望着西方的天空，独孤求第六败。	
谎言者坦诚了全部的爱迎来了自己的毁灭，神失去了神力无法挽回，生者抱着逝者的尸体绝望的失声痛哭，还有什么是比这更绝望的故事开篇。雷神3里他说如果你真的在这里我会拥抱你，复联3里他只抱住了冰冷的尸体	
计划生育拯救世界？？？？？？？？？？？？？？？	
少一星给英雄战力分配极度不平均以及结尾大战的战略性错误，对于这样的对手联盟竟然没倾尽全力，瓦甘达也只动用了一半的人力，说好的全世界无产者团结起来呢？种种迹象表明这的确是一部以灭霸为主角的电影，主角光环太强大了	
满分！零点场气氛也太好了吧！	
罗素兄弟拍了一部很美剧式的电影，讲得无非是两个最简单的话题和道理，可以说是壮哉我大SPN早好几年前就拍过的“滥调”，可这次主角们是我爱了近十年超级英雄们！	
开场前竟紧张到呼吸慌乱，观影中一次次战栗筛糠、木然窒息、潸然泪奔…	
美国海关：“你为什么来美国？”“Infinity War”	
一个恨不起来的深情灭霸，让漫威英雄们霸气集结悲壮收场，塑造得太立体，战争场面和包袱效果都照顾到了。响指下一个个角色随机消逝也真够虐，这没结尾的结尾很直接把故事拖到明年，猜测下未出现的那谁和彩蛋logo暗示的新角色一定会在复联4引领群雄。	
眼珠子都哭出来了。漫威的电影带的那种奇怪的冷幽默到真不是盖的。哭到眼珠子都快掉出来了，还是忍不住笑。。。	
批发需谨慎！漫威整合资源的能力无疑令人叹服，但将如此之多超级英雄聚合在一起，使复联像个庞大而冗杂的机器，成员魅力被群体主义叙事完全遮蔽，唯一有人物弧光的竟然是为计划生育操碎心的大反派。战袍队、银护队、宝石队三条平行线最终没能拧在一起，完全放弃叙事。叹口气继续祝漫威十周年生快。	
宇宙级的力量配上一个大一新生的头脑：德智体均衡发展很重要。	
literally从头打到尾，看得很累。规则不明，结局没份量	
！？	
您好，您的主角光环是假的...	
三星半。我们无权放弃他人的生命，比如朋友，比如伙伴。我们有时却会放弃爱人，因为我们随着他们一起死去，他们随着我们一起生存。	
